aoi_id,name,function,access_node,osm_type,osm_id,source_geometry,attractiveness,safety,comfort,capacity
AOI_N10116278344,齊記美食,CAFE,N_ENT_000001,node,10116278344,OSM_POINT_BUFFER_4M,0.78,0.74,0.78,10
AOI_N10130558415,BYOB Coffee Roaster,CAFE,N_ENT_000002,node,10130558415,OSM_POINT_BUFFER_4M,0.78,0.74,0.78,10
AOI_N11816905142,一品刀削麵,CAFE,N_ENT_000003,node,11816905142,OSM_POINT_BUFFER_4M,0.78,0.74,0.78,10
AOI_N12000638399,Heung Mak Tin,SHOP,N_ENT_000004,node,12000638399,OSM_POINT_BUFFER_4M,0.74,0.71,0.69,10
AOI_N12000685300,Satay Lab,CAFE,N_ENT_000005,node,12000685300,OSM_POINT_BUFFER_4M,0.78,0.74,0.78,10
AOI_N12000690387,CHUBBY's PIZZA,CAFE,N_ENT_000006,node,12000690387,OSM_POINT_BUFFER_4M,0.78,0.74,0.78,10
AOI_N12000690937,Backstage Hair Salon,SHOP,N_ENT_000007,node,12000690937,OSM_POINT_BUFFER_4M,0.74,0.71,0.69,10
AOI_N12000695690,麦当劳,CAFE,N_ENT_000008,node,12000695690,OSM_POINT_BUFFER_4M,0.78,0.74,0.78,10
AOI_N12000704517,Circle K,SHOP,N_ENT_000009,node,12000704517,OSM_POINT_BUFFER_4M,0.74,0.71,0.69,10
AOI_N12000709670,7-Eleven,SHOP,N_ENT_000010,node,12000709670,OSM_POINT_BUFFER_4M,0.74,0.71,0.69,10
AOI_N12000710752,Best Credit Eng. Co.,SHOP,N_ENT_000011,node,12000710752,OSM_POINT_BUFFER_4M,0.74,0.71,0.69,10
AOI_N12000722504,Harvest Medical Cosmetic Company,SHOP,N_ENT_000012,node,12000722504,OSM_POINT_BUFFER_4M,0.74,0.71,0.69,10
AOI_N12000723697,Kit Pak Laundry Company,SHOP,N_ENT_000013,node,12000723697,OSM_POINT_BUFFER_4M,0.74,0.71,0.69,10
AOI_N12000728581,Red Salon,SHOP,N_ENT_000014,node,12000728581,OSM_POINT_BUFFER_4M,0.74,0.71,0.69,10
AOI_N12000734856,HKTVmall,SHOP,N_ENT_000015,node,12000734856,OSM_POINT_BUFFER_4M,0.74,0.71,0.69,10
AOI_N12000746817,Mei Yee Lim Frozen Meat Co,SHOP,N_ENT_000016,node,12000746817,OSM_POINT_BUFFER_4M,0.74,0.71,0.69,10
AOI_N12000755687,Hoi Yeung Profession Laundry,SHOP,N_ENT_000017,node,12000755687,OSM_POINT_BUFFER_4M,0.74,0.71,0.69,10
AOI_N12000760003,Blossom Garden,SHOP,N_ENT_000018,node,12000760003,OSM_POINT_BUFFER_4M,0.74,0.71,0.69,10
AOI_N12000760582,Lan Yuen,CAFE,N_ENT_000019,node,12000760582,OSM_POINT_BUFFER_4M,0.78,0.74,0.78,10
AOI_N12000806607,Shea Wong Yu,CAFE,N_ENT_000020,node,12000806607,OSM_POINT_BUFFER_4M,0.78,0.74,0.78,10
AOI_N12000848156,Hoi Hing Kitchen,CAFE,N_ENT_000021,node,12000848156,OSM_POINT_BUFFER_4M,0.78,0.74,0.78,10
AOI_N12002187646,Pig King,CAFE,N_ENT_000022,node,12002187646,OSM_POINT_BUFFER_4M,0.78,0.74,0.78,10
AOI_N12002228380,餐饮 OSM N12002228380,CAFE,N_ENT_000023,node,12002228380,OSM_POINT_BUFFER_4M,0.74,0.74,0.78,10
AOI_N12002242310,Darlington technology company,SHOP,N_ENT_000024,node,12002242310,OSM_POINT_BUFFER_4M,0.74,0.71,0.69,10
AOI_N12002267521,Three Sushi,CAFE,N_ENT_000025,node,12002267521,OSM_POINT_BUFFER_4M,0.78,0.74,0.78,10
AOI_N12002267550,J&K salon,SHOP,N_ENT_000026,node,12002267550,OSM_POINT_BUFFER_4M,0.74,0.71,0.69,10
AOI_N12002272820,朗豬爸爸小廚,CAFE,N_ENT_000027,node,12002272820,OSM_POINT_BUFFER_4M,0.78,0.74,0.78,10
AOI_N12002275654,Maro C,SHOP,N_ENT_000028,node,12002275654,OSM_POINT_BUFFER_4M,0.74,0.71,0.69,10
AOI_N12002283612,Tan's Dessert Cafe,CAFE,N_ENT_000029,node,12002283612,OSM_POINT_BUFFER_4M,0.78,0.74,0.78,10
AOI_N12002314402,7-Eleven,SHOP,N_ENT_000030,node,12002314402,OSM_POINT_BUFFER_4M,0.74,0.71,0.69,10
AOI_N12002325638,顺丰速运,WORK,N_ENT_000031,node,12002325638,OSM_POINT_BUFFER_4M,0.67,0.72,0.63,10
AOI_N12002331327,JHC 真好城,SHOP,N_ENT_000032,node,12002331327,OSM_POINT_BUFFER_4M,0.74,0.71,0.69,10
AOI_N12002341738,OK便利店,SHOP,N_ENT_000033,node,12002341738,OSM_POINT_BUFFER_4M,0.74,0.71,0.69,10
AOI_N12002486325,惠康,SHOP,N_ENT_000034,node,12002486325,OSM_POINT_BUFFER_4M,0.74,0.71,0.69,10
AOI_N12002503487,Shing Hing Loong,SHOP,N_ENT_000035,node,12002503487,OSM_POINT_BUFFER_4M,0.74,0.71,0.69,10
AOI_N12002508530,Sun Hing Noodle,CAFE,N_ENT_000036,node,12002508530,OSM_POINT_BUFFER_4M,0.78,0.74,0.78,10
AOI_N12002517227,Wing Kee Hardware,SHOP,N_ENT_000037,node,12002517227,OSM_POINT_BUFFER_4M,0.74,0.71,0.69,10
AOI_N12002517231,Lung Ting Restaurant,CAFE,N_ENT_000038,node,12002517231,OSM_POINT_BUFFER_4M,0.78,0.74,0.78,10
AOI_N12002518262,Little Newton Anglo-Chinese Kindergarten,WORK,N_ENT_000039,node,12002518262,OSM_POINT_BUFFER_4M,0.67,0.72,0.63,10
AOI_N12002530660,Pillowtalk,CAFE,N_ENT_000040,node,12002530660,OSM_POINT_BUFFER_4M,0.78,0.74,0.78,10
AOI_N12002533350,Hair of cat,CAFE,N_ENT_000041,node,12002533350,OSM_POINT_BUFFER_4M,0.78,0.74,0.78,10
AOI_N12002583161,Lee Kwan Hong,SHOP,N_ENT_000042,node,12002583161,OSM_POINT_BUFFER_4M,0.74,0.71,0.69,10
AOI_N12002589386,LaundrYup,SHOP,N_ENT_000043,node,12002589386,OSM_POINT_BUFFER_4M,0.74,0.71,0.69,10
AOI_N12002805421,So Pho So Good,CAFE,N_ENT_000044,node,12002805421,OSM_POINT_BUFFER_4M,0.78,0.74,0.78,10
AOI_N12002847243,Kam Ming Congee & Noodles,CAFE,N_ENT_000045,node,12002847243,OSM_POINT_BUFFER_4M,0.78,0.74,0.78,10
AOI_N12002872004,Wan Chuen,CAFE,N_ENT_000046,node,12002872004,OSM_POINT_BUFFER_4M,0.78,0.74,0.78,10
AOI_N12003002561,Thunder Car Services,SHOP,N_ENT_000047,node,12003002561,OSM_POINT_BUFFER_4M,0.74,0.71,0.69,10
AOI_N12003122707,Tuen Mun Job Centre,WORK,N_ENT_000048,node,12003122707,OSM_POINT_BUFFER_4M,0.67,0.72,0.63,10
AOI_N12003137985,The Church of Jesus Christ of Latter-day Saints,WORK,N_ENT_000049,node,12003137985,OSM_POINT_BUFFER_4M,0.67,0.72,0.63,10
AOI_N12003208063,Matsui Sushi Sashimi Oysters Specialty Shop Limited,CAFE,N_ENT_000050,node,12003208063,OSM_POINT_BUFFER_4M,0.78,0.74,0.78,10
AOI_N12003212996,Your Ice House,CAFE,N_ENT_000051,node,12003212996,OSM_POINT_BUFFER_4M,0.78,0.74,0.78,10
AOI_N12003218357,诺乐云川小锅米线,CAFE,N_ENT_000052,node,12003218357,OSM_POINT_BUFFER_4M,0.78,0.74,0.78,10
AOI_N12003236490,青松观餐厅,CAFE,N_ENT_000053,node,12003236490,OSM_POINT_BUFFER_4M,0.78,0.74,0.78,10
AOI_N12005127262,Sugar Ma Ma,CAFE,N_ENT_000054,node,12005127262,OSM_POINT_BUFFER_4M,0.78,0.74,0.78,10
AOI_N12005132823,Gyoshoya,CAFE,N_ENT_000055,node,12005132823,OSM_POINT_BUFFER_4M,0.78,0.74,0.78,10
AOI_N12005135112,Cheung Hing Foods Mart,SHOP,N_ENT_000056,node,12005135112,OSM_POINT_BUFFER_4M,0.74,0.71,0.69,10
AOI_N12005146624,Banh mi Huy Hoang,CAFE,N_ENT_000057,node,12005146624,OSM_POINT_BUFFER_4M,0.78,0.74,0.78,10
AOI_N12005208226,Thai Taste Good,CAFE,N_ENT_000058,node,12005208226,OSM_POINT_BUFFER_4M,0.78,0.74,0.78,10
AOI_N12005315792,Ming Kee Siu Mei,CAFE,N_ENT_000059,node,12005315792,OSM_POINT_BUFFER_4M,0.78,0.74,0.78,10
AOI_N12005578787,Love Bakery,SHOP,N_ENT_000060,node,12005578787,OSM_POINT_BUFFER_4M,0.74,0.71,0.69,10
AOI_N12005579819,中原地產,WORK,N_ENT_000061,node,12005579819,OSM_POINT_BUFFER_4M,0.67,0.72,0.63,10
AOI_N12005593197,Melody Anglo-Chinese Kindergarten,WORK,N_ENT_000062,node,12005593197,OSM_POINT_BUFFER_4M,0.67,0.72,0.63,10
AOI_N12005604142,Fatty Delicious,CAFE,N_ENT_000063,node,12005604142,OSM_POINT_BUFFER_4M,0.78,0.74,0.78,10
AOI_N12005768549,Wo Kee,SHOP,N_ENT_000064,node,12005768549,OSM_POINT_BUFFER_4M,0.74,0.71,0.69,10
AOI_N12005777965,Fu Kee Teochew Noodle,CAFE,N_ENT_000065,node,12005777965,OSM_POINT_BUFFER_4M,0.78,0.74,0.78,10
AOI_N12005787661,Tin Chi Property Agency Limited,WORK,N_ENT_000066,node,12005787661,OSM_POINT_BUFFER_4M,0.67,0.72,0.63,10
AOI_N12006445355,Wing Shun Decoration & Air-Conditioning Engineering,SHOP,N_ENT_000067,node,12006445355,OSM_POINT_BUFFER_4M,0.74,0.71,0.69,10
AOI_N12007044181,The One Brilliant Education Centre,WORK,N_ENT_000068,node,12007044181,OSM_POINT_BUFFER_4M,0.67,0.72,0.63,10
AOI_N12007044327,Joe's Image,SHOP,N_ENT_000069,node,12007044327,OSM_POINT_BUFFER_4M,0.74,0.71,0.69,10
AOI_N12007170191,Ju Shun Food,CAFE,N_ENT_000070,node,12007170191,OSM_POINT_BUFFER_4M,0.78,0.74,0.78,10
AOI_N12007170553,SuFureWa Pancakes,CAFE,N_ENT_000071,node,12007170553,OSM_POINT_BUFFER_4M,0.78,0.74,0.78,10
AOI_N12008279927,Hair Garden,SHOP,N_ENT_000072,node,12008279927,OSM_POINT_BUFFER_4M,0.74,0.71,0.69,10
AOI_N12008680413,Connect Point,SHOP,N_ENT_000073,node,12008680413,OSM_POINT_BUFFER_4M,0.74,0.71,0.69,10
AOI_N12008881919,Chuan Wei Ge,CAFE,N_ENT_000074,node,12008881919,OSM_POINT_BUFFER_4M,0.78,0.74,0.78,10
AOI_N12008933835,The Original Stew Shop,CAFE,N_ENT_000075,node,12008933835,OSM_POINT_BUFFER_4M,0.78,0.74,0.78,10
AOI_N12009509324,Holly Restaurant,CAFE,N_ENT_000076,node,12009509324,OSM_POINT_BUFFER_4M,0.78,0.74,0.78,10
AOI_N12009565661,Damn Lab,CAFE,N_ENT_000077,node,12009565661,OSM_POINT_BUFFER_4M,0.78,0.74,0.78,10
AOI_N12009578541,Hi.Lite Hair,SHOP,N_ENT_000078,node,12009578541,OSM_POINT_BUFFER_4M,0.74,0.71,0.69,10
AOI_N12009585275,Wooderful,CAFE,N_ENT_000079,node,12009585275,OSM_POINT_BUFFER_4M,0.78,0.74,0.78,10
AOI_N12009589344,J & E Moto Service Limited,SHOP,N_ENT_000080,node,12009589344,OSM_POINT_BUFFER_4M,0.74,0.71,0.69,10
AOI_N12009602615,Chung Wah Tyre Co.,SHOP,N_ENT_000081,node,12009602615,OSM_POINT_BUFFER_4M,0.74,0.71,0.69,10
AOI_N12009604841,Just Med Limited,SHOP,N_ENT_000082,node,12009604841,OSM_POINT_BUFFER_4M,0.74,0.71,0.69,10
AOI_N12009609225,C D Interior Design,SHOP,N_ENT_000083,node,12009609225,OSM_POINT_BUFFER_4M,0.74,0.71,0.69,10
AOI_N12009779836,街坊茶座,CAFE,N_ENT_000084,node,12009779836,OSM_POINT_BUFFER_4M,0.78,0.74,0.78,10
AOI_N12009787002,Sun Hing Taxi Radio Association,WORK,N_ENT_000085,node,12009787002,OSM_POINT_BUFFER_4M,0.67,0.72,0.63,10
AOI_N12009831715,Ping Kee Pigment,SHOP,N_ENT_000086,node,12009831715,OSM_POINT_BUFFER_4M,0.74,0.71,0.69,10
AOI_N12009858077,L.H.LOK,CAFE,N_ENT_000087,node,12009858077,OSM_POINT_BUFFER_4M,0.78,0.74,0.78,10
AOI_N12022913238,Michi,CAFE,N_ENT_000088,node,12022913238,OSM_POINT_BUFFER_4M,0.78,0.74,0.78,10
AOI_N12028764797,Q cut,SHOP,N_ENT_000089,node,12028764797,OSM_POINT_BUFFER_4M,0.74,0.71,0.69,10
AOI_N12028764798,法日廊,SHOP,N_ENT_000090,node,12028764798,OSM_POINT_BUFFER_4M,0.74,0.71,0.69,10
AOI_N12028786327,周記,CAFE,N_ENT_000091,node,12028786327,OSM_POINT_BUFFER_4M,0.78,0.74,0.78,10
AOI_N12028786328,Chi Ping Decoration Limited,SHOP,N_ENT_000092,node,12028786328,OSM_POINT_BUFFER_4M,0.74,0.71,0.69,10
AOI_N12028823630,威威美食,CAFE,N_ENT_000093,node,12028823630,OSM_POINT_BUFFER_4M,0.78,0.74,0.78,10
AOI_N12030998307,Tung Hing Medicine Co,SHOP,N_ENT_000094,node,12030998307,OSM_POINT_BUFFER_4M,0.74,0.71,0.69,10
AOI_N12068057382,大家乐,CAFE,N_ENT_000095,node,12068057382,OSM_POINT_BUFFER_4M,0.78,0.74,0.78,10
AOI_N12207299143,Every Day,SHOP,N_ENT_000096,node,12207299143,OSM_POINT_BUFFER_4M,0.74,0.71,0.69,10
AOI_N12401501747,Wan's Bakery & Cake,SHOP,N_ENT_000097,node,12401501747,OSM_POINT_BUFFER_4M,0.74,0.71,0.69,10
AOI_N12704162969,Sum Yi,CAFE,N_ENT_000098,node,12704162969,OSM_POINT_BUFFER_4M,0.78,0.74,0.78,10
AOI_N12768025213,𤛭爪,SHOP,N_ENT_000099,node,12768025213,OSM_POINT_BUFFER_4M,0.74,0.71,0.69,10
AOI_N13306889250,菜鸟驿站,WORK,N_ENT_000100,node,13306889250,OSM_POINT_BUFFER_4M,0.67,0.72,0.63,10
AOI_N13329837994,欣悅飽餅,SHOP,N_ENT_000101,node,13329837994,OSM_POINT_BUFFER_4M,0.74,0.71,0.69,10
AOI_N13329850522,一耕,SHOP,N_ENT_000102,node,13329850522,OSM_POINT_BUFFER_4M,0.74,0.71,0.69,10
AOI_N3814915569,大興郵政局,WORK,N_ENT_000103,node,3814915569,OSM_POINT_BUFFER_4M,0.67,0.72,0.63,10
AOI_N4021206441,惠康,SHOP,N_ENT_000104,node,4021206441,OSM_POINT_BUFFER_4M,0.74,0.71,0.69,10
AOI_N4542773782,PD Bakery,SHOP,N_ENT_000105,node,4542773782,OSM_POINT_BUFFER_4M,0.74,0.71,0.69,10
AOI_N4850977988,高雅裝飾設計,WORK,N_ENT_000106,node,4850977988,OSM_POINT_BUFFER_4M,0.67,0.72,0.63,10
AOI_N4851043596,7-11便利店,SHOP,N_ENT_000107,node,4851043596,OSM_POINT_BUFFER_4M,0.74,0.71,0.69,10
AOI_N5437456426,Home kitchen,CAFE,N_ENT_000108,node,5437456426,OSM_POINT_BUFFER_4M,0.78,0.74,0.78,10
AOI_N5437578321,Pizza Veg,CAFE,N_ENT_000109,node,5437578321,OSM_POINT_BUFFER_4M,0.78,0.74,0.78,10
AOI_N6483329367,大興公共圖書館,WORK,N_ENT_000110,node,6483329367,OSM_POINT_BUFFER_4M,0.67,0.72,0.63,10
AOI_R12915602_P1,新和里游乐场,PARK,N_ENT_000111,relation,12915602,OSM_POLYGON,0.86,0.82,0.88,176
AOI_R12915602_P2,新和里游乐场,PARK,N_ENT_000113,relation,12915602,OSM_POLYGON,0.86,0.82,0.88,436
AOI_R2135715_P1,大興商場,SHOP,N_OSM_11966048458,relation,2135715,OSM_POLYGON,0.74,0.71,0.69,491
AOI_R2135715_P2,大興商場,SHOP,N_OSM_1716517288,relation,2135715,OSM_POLYGON,0.74,0.71,0.69,103
AOI_R3459948,屯门医院,WORK,N_OSM_2632167847,relation,3459948,OSM_POLYGON,0.67,0.72,0.63,4617
AOI_W1216212824,工作地 OSM W1216212824,WORK,N_ENT_000114,way,1216212824,OSM_POLYGON,0.63,0.72,0.63,15
AOI_W1216212826,工作地 OSM W1216212826,WORK,N_ENT_000115,way,1216212826,OSM_POLYGON,0.63,0.72,0.63,48
AOI_W1216212827,工作地 OSM W1216212827,WORK,N_ENT_000116,way,1216212827,OSM_POLYGON,0.63,0.72,0.63,94
AOI_W1216212829,第2座,HOME,N_ENT_000117,way,1216212829,OSM_POLYGON,0.56,0.76,0.68,57
AOI_W1216212830,第1座,HOME,N_ENT_000118,way,1216212830,OSM_POLYGON,0.56,0.76,0.68,59
AOI_W1260484151,公园 OSM W1260484151,PARK,N_ENT_000119,way,1260484151,OSM_POLYGON,0.82,0.82,0.88,69
AOI_W1290600692,公园 OSM W1290600692,PARK,N_ENT_000120,way,1290600692,OSM_POLYGON,0.82,0.82,0.88,18
AOI_W1290619142,工作地 OSM W1290619142,WORK,N_ENT_000121,way,1290619142,OSM_POLYGON,0.63,0.72,0.63,20
AOI_W1290848806,公园 OSM W1290848806,PARK,N_ENT_000122,way,1290848806,OSM_POLYGON,0.82,0.82,0.88,28
AOI_W1290848809,工作地 OSM W1290848809,WORK,N_ENT_000123,way,1290848809,OSM_POLYGON,0.63,0.72,0.63,47
AOI_W1290848810,工作地 OSM W1290848810,WORK,N_ENT_000124,way,1290848810,OSM_POLYGON,0.63,0.72,0.63,14
AOI_W1290848811,工作地 OSM W1290848811,WORK,N_ENT_000125,way,1290848811,OSM_POLYGON,0.63,0.72,0.63,19
AOI_W1290933038,工作地 OSM W1290933038,WORK,N_ENT_000126,way,1290933038,OSM_POLYGON,0.63,0.72,0.63,39
AOI_W1290933040,公园 OSM W1290933040,PARK,N_ENT_000127,way,1290933040,OSM_POLYGON,0.82,0.82,0.88,169
AOI_W1291689288,商店 OSM W1291689288,SHOP,N_ENT_000128,way,1291689288,OSM_POLYGON,0.7,0.71,0.69,40
AOI_W1291689299,世紀城市工業大廈,WORK,N_ENT_000129,way,1291689299,OSM_POLYGON,0.67,0.72,0.63,193
AOI_W1346585220,Shell Select,SHOP,N_ENT_000130,way,1346585220,OSM_POLYGON,0.74,0.71,0.69,10
AOI_W159542777,香港考評局大興評核中心,WORK,N_ENT_000131,way,159542777,OSM_POLYGON,0.67,0.72,0.63,162
AOI_W159542793,興偉樓,HOME,N_ENT_000132,way,159542793,OSM_POLYGON,0.56,0.76,0.68,155
AOI_W159542977,中华基督教会谭李丽芬纪念中学,WORK,N_OSM_1716517154,way,159542977,OSM_POLYGON,0.67,0.72,0.63,511
AOI_W159542979,台山商會學校,WORK,N_ENT_000133,way,159542979,OSM_POLYGON,0.67,0.72,0.63,232
AOI_W219674321,裕生樓,HOME,N_ENT_000134,way,219674321,OSM_POLYGON,0.56,0.76,0.68,72
AOI_W219675462,屯門天主教中學,WORK,N_ENT_000135,way,219675462,OSM_POLYGON,0.67,0.72,0.63,334
AOI_W219675464,工作地 OSM W219675464,WORK,N_ENT_000136,way,219675464,OSM_POLYGON,0.63,0.72,0.63,10
AOI_W219675465,工作地 OSM W219675465,WORK,N_ENT_000137,way,219675465,OSM_POLYGON,0.63,0.72,0.63,10
AOI_W219675466,工作地 OSM W219675466,WORK,N_ENT_000138,way,219675466,OSM_POLYGON,0.63,0.72,0.63,74
AOI_W219675468,泰生樓,HOME,N_ENT_000139,way,219675468,OSM_POLYGON,0.56,0.76,0.68,72
AOI_W219675471,僑港伍氏宗親會伍時暢紀念學校,WORK,N_ENT_000140,way,219675471,OSM_POLYGON,0.67,0.72,0.63,69
AOI_W219675477,康生樓,HOME,N_ENT_000141,way,219675477,OSM_POLYGON,0.56,0.76,0.68,72
AOI_W219675482,工作地 OSM W219675482,WORK,N_ENT_000142,way,219675482,OSM_POLYGON,0.63,0.72,0.63,29
AOI_W219919610,興泰樓,HOME,N_ENT_000143,way,219919610,OSM_POLYGON,0.56,0.76,0.68,183
AOI_W220235865,興平樓,HOME,N_ENT_000144,way,220235865,OSM_POLYGON,0.56,0.76,0.68,183
AOI_W220235866,興輝樓,HOME,N_ENT_000145,way,220235866,OSM_POLYGON,0.56,0.76,0.68,183
AOI_W220235871,興耀樓,HOME,N_ENT_000146,way,220235871,OSM_POLYGON,0.56,0.76,0.68,183
AOI_W220337664,第1座,HOME,N_ENT_000147,way,220337664,OSM_POLYGON,0.56,0.76,0.68,34
AOI_W220337665,青田花園,PARK,N_ENT_000148,way,220337665,OSM_POLYGON,0.86,0.82,0.88,388
AOI_W220337666,工作地 OSM W220337666,WORK,N_ENT_000149,way,220337666,OSM_POLYGON,0.63,0.72,0.63,17
AOI_W220337667,工作地 OSM W220337667,WORK,N_ENT_000150,way,220337667,OSM_POLYGON,0.63,0.72,0.63,74
AOI_W220337668,工作地 OSM W220337668,WORK,N_ENT_000151,way,220337668,OSM_POLYGON,0.63,0.72,0.63,53
AOI_W220337670,工作地 OSM W220337670,WORK,N_ENT_000152,way,220337670,OSM_POLYGON,0.63,0.72,0.63,10
AOI_W220337673,公园 OSM W220337673,PARK,N_ENT_000153,way,220337673,OSM_POLYGON,0.82,0.82,0.88,34
AOI_W220337674,陳炳新伉儷紀念樓,WORK,N_ENT_000154,way,220337674,OSM_POLYGON,0.67,0.72,0.63,42
AOI_W220337675,马锦明慈善基金马可宾纪念中学,WORK,N_ENT_000155,way,220337675,OSM_POLYGON,0.67,0.72,0.63,522
AOI_W220337680,第3座,HOME,N_ENT_000156,way,220337680,OSM_POLYGON,0.56,0.76,0.68,34
AOI_W220337681,第5座,HOME,N_ENT_000157,way,220337681,OSM_POLYGON,0.56,0.76,0.68,34
AOI_W220337687,工作地 OSM W220337687,WORK,N_ENT_000158,way,220337687,OSM_POLYGON,0.63,0.72,0.63,10
AOI_W220337688,第2座,HOME,N_ENT_000159,way,220337688,OSM_POLYGON,0.56,0.76,0.68,34
AOI_W220337695,卓尔广场,SHOP,N_ENT_000160,way,220337695,OSM_POLYGON,0.74,0.71,0.69,424
AOI_W220337696,旅港台山陳氏家族聯合會樓,WORK,N_ENT_000164,way,220337696,OSM_POLYGON,0.67,0.72,0.63,42
AOI_W220339651,第2座,HOME,N_ENT_000165,way,220339651,OSM_POLYGON,0.56,0.76,0.68,25
AOI_W220341312,第3座,HOME,N_ENT_000166,way,220341312,OSM_POLYGON,0.56,0.76,0.68,25
AOI_W220341313,D座,HOME,N_ENT_000167,way,220341313,OSM_POLYGON,0.56,0.76,0.68,23
AOI_W220341316,A座,HOME,N_ENT_000168,way,220341316,OSM_POLYGON,0.56,0.76,0.68,24
AOI_W220341322,E座,HOME,N_ENT_000169,way,220341322,OSM_POLYGON,0.56,0.76,0.68,23
AOI_W220341325,世紀城市工業大廈,WORK,N_ENT_000170,way,220341325,OSM_POLYGON,0.67,0.72,0.63,137
AOI_W255637879,青山公路（新墟）公园,PARK,N_ENT_000171,way,255637879,OSM_POLYGON,0.86,0.82,0.88,988
AOI_W257743881,B座,WORK,N_ENT_000172,way,257743881,OSM_POLYGON,0.67,0.72,0.63,56
AOI_W257743884,泽民楼,HOME,N_ENT_000173,way,257743884,OSM_POLYGON,0.56,0.76,0.68,42
AOI_W257743885,D座,HOME,N_ENT_000174,way,257743885,OSM_POLYGON,0.56,0.76,0.68,37
AOI_W257743886,E座,HOME,N_ENT_000175,way,257743886,OSM_POLYGON,0.56,0.76,0.68,37
AOI_W257743887,泽泰楼,HOME,N_ENT_000176,way,257743887,OSM_POLYGON,0.56,0.76,0.68,42
AOI_W257743888,F座,HOME,N_ENT_000177,way,257743888,OSM_POLYGON,0.56,0.76,0.68,26
AOI_W257743890,洗衣房,WORK,N_ENT_000178,way,257743890,OSM_POLYGON,0.67,0.72,0.63,145
AOI_W257743891,主座,WORK,N_ENT_000179,way,257743891,OSM_POLYGON,0.67,0.72,0.63,1060
AOI_W257743892,銀圍休憩花園,PARK,N_OSM_2632166885,way,257743892,OSM_POLYGON,0.86,0.82,0.88,154
AOI_W257743893,手术室大楼,WORK,N_ENT_000180,way,257743893,OSM_POLYGON,0.67,0.72,0.63,75
AOI_W257743894,泽富楼,HOME,N_ENT_000181,way,257743894,OSM_POLYGON,0.56,0.76,0.68,42
AOI_W257743895,泽安楼,HOME,N_ENT_000182,way,257743895,OSM_POLYGON,0.56,0.76,0.68,42
AOI_W257743896,病理学大楼,WORK,N_ENT_000183,way,257743896,OSM_POLYGON,0.67,0.72,0.63,91
AOI_W257743897,泽国楼,HOME,N_ENT_000184,way,257743897,OSM_POLYGON,0.56,0.76,0.68,42
AOI_W257743904,工作地 OSM W257743904,WORK,N_ENT_000185,way,257743904,OSM_POLYGON,0.63,0.72,0.63,90
AOI_W258421121,多寶購物商場,SHOP,N_ENT_000186,way,258421121,OSM_POLYGON,0.74,0.71,0.69,64
AOI_W258421165,新墟村休憩花園,PARK,N_ENT_000187,way,258421165,OSM_POLYGON,0.86,0.82,0.88,39
AOI_W258421184,青棉儿童游乐场,PARK,N_ENT_000188,way,258421184,OSM_POLYGON,0.86,0.82,0.88,88
AOI_W258421187,屯門青洋休憩花園,PARK,N_ENT_000189,way,258421187,OSM_POLYGON,0.86,0.82,0.88,82
AOI_W258421199,住宅 OSM W258421199,HOME,N_ENT_000190,way,258421199,OSM_POLYGON,0.52,0.76,0.68,11
AOI_W258421200,工作地 OSM W258421200,WORK,N_ENT_000191,way,258421200,OSM_POLYGON,0.63,0.72,0.63,52
AOI_W258421201,華利大廈,HOME,N_ENT_000192,way,258421201,OSM_POLYGON,0.56,0.76,0.68,10
AOI_W258421203,住宅 OSM W258421203,HOME,N_ENT_000193,way,258421203,OSM_POLYGON,0.52,0.76,0.68,10
AOI_W258421205,住宅 OSM W258421205,HOME,N_ENT_000194,way,258421205,OSM_POLYGON,0.52,0.76,0.68,14
AOI_W258421207,住宅 OSM W258421207,HOME,N_ENT_000195,way,258421207,OSM_POLYGON,0.52,0.76,0.68,12
AOI_W258421213,住宅 OSM W258421213,HOME,N_ENT_000196,way,258421213,OSM_POLYGON,0.52,0.76,0.68,19
AOI_W258421216,住宅 OSM W258421216,HOME,N_ENT_000197,way,258421216,OSM_POLYGON,0.52,0.76,0.68,13
AOI_W258421218,住宅 OSM W258421218,HOME,N_ENT_000198,way,258421218,OSM_POLYGON,0.52,0.76,0.68,17
AOI_W258421222,住宅 OSM W258421222,HOME,N_ENT_000199,way,258421222,OSM_POLYGON,0.52,0.76,0.68,22
AOI_W258421223,住宅 OSM W258421223,HOME,N_ENT_000200,way,258421223,OSM_POLYGON,0.52,0.76,0.68,12
AOI_W258421224,住宅 OSM W258421224,HOME,N_ENT_000201,way,258421224,OSM_POLYGON,0.52,0.76,0.68,14
AOI_W258421226,住宅 OSM W258421226,HOME,N_ENT_000202,way,258421226,OSM_POLYGON,0.52,0.76,0.68,17
AOI_W258421227,住宅 OSM W258421227,HOME,N_ENT_000203,way,258421227,OSM_POLYGON,0.52,0.76,0.68,18
AOI_W258421228,住宅 OSM W258421228,HOME,N_ENT_000204,way,258421228,OSM_POLYGON,0.52,0.76,0.68,17
AOI_W258421230,工作地 OSM W258421230,WORK,N_ENT_000205,way,258421230,OSM_POLYGON,0.63,0.72,0.63,92
AOI_W258421232,住宅 OSM W258421232,HOME,N_ENT_000206,way,258421232,OSM_POLYGON,0.52,0.76,0.68,17
AOI_W258421235,住宅 OSM W258421235,HOME,N_ENT_000207,way,258421235,OSM_POLYGON,0.52,0.76,0.68,18
AOI_W258421236,住宅 OSM W258421236,HOME,N_ENT_000208,way,258421236,OSM_POLYGON,0.52,0.76,0.68,22
AOI_W258421237,住宅 OSM W258421237,HOME,N_ENT_000209,way,258421237,OSM_POLYGON,0.52,0.76,0.68,23
AOI_W258421238,住宅 OSM W258421238,HOME,N_ENT_000210,way,258421238,OSM_POLYGON,0.52,0.76,0.68,16
AOI_W258421240,住宅 OSM W258421240,HOME,N_ENT_000211,way,258421240,OSM_POLYGON,0.52,0.76,0.68,22
AOI_W258421273,住宅 OSM W258421273,HOME,N_ENT_000212,way,258421273,OSM_POLYGON,0.52,0.76,0.68,10
AOI_W258421275,住宅 OSM W258421275,HOME,N_ENT_000213,way,258421275,OSM_POLYGON,0.52,0.76,0.68,10
AOI_W258421345,金邦商場,SHOP,N_ENT_000214,way,258421345,OSM_POLYGON,0.74,0.71,0.69,58
AOI_W375791338,住宅 OSM W375791338,HOME,N_ENT_000215,way,375791338,OSM_POLYGON,0.52,0.76,0.68,434
AOI_W375791969,第1座,HOME,N_ENT_000216,way,375791969,OSM_POLYGON,0.56,0.76,0.68,33
AOI_W375792661,第2座,HOME,N_ENT_000217,way,375792661,OSM_POLYGON,0.56,0.76,0.68,36
AOI_W375792953,第3座,HOME,N_ENT_000218,way,375792953,OSM_POLYGON,0.56,0.76,0.68,32
AOI_W375794117,第4座,HOME,N_ENT_000219,way,375794117,OSM_POLYGON,0.56,0.76,0.68,40
AOI_W378245991,聖公會蒙恩小學,WORK,N_ENT_000220,way,378245991,OSM_POLYGON,0.67,0.72,0.63,353
AOI_W378246121,景峰花園商場,SHOP,N_ENT_000221,way,378246121,OSM_POLYGON,0.74,0.71,0.69,121
AOI_W378305439,凤地花园,PARK,N_ENT_000222,way,378305439,OSM_POLYGON,0.86,0.82,0.88,321
AOI_W380090453,B座,HOME,N_ENT_000223,way,380090453,OSM_POLYGON,0.56,0.76,0.68,25
AOI_W380090454,A座,HOME,N_ENT_000224,way,380090454,OSM_POLYGON,0.56,0.76,0.68,25
AOI_W440357210,第一座,HOME,N_ENT_000225,way,440357210,OSM_POLYGON,0.56,0.76,0.68,26
AOI_W440357211,第二座,HOME,N_ENT_000226,way,440357211,OSM_POLYGON,0.56,0.76,0.68,26
AOI_W440471986,住宅 OSM W440471986,HOME,N_ENT_000227,way,440471986,OSM_POLYGON,0.52,0.76,0.68,10
AOI_W440471987,住宅 OSM W440471987,HOME,N_ENT_000228,way,440471987,OSM_POLYGON,0.52,0.76,0.68,10
AOI_W440471989,住宅 OSM W440471989,HOME,N_ENT_000229,way,440471989,OSM_POLYGON,0.52,0.76,0.68,10
AOI_W440471991,住宅 OSM W440471991,HOME,N_ENT_000230,way,440471991,OSM_POLYGON,0.52,0.76,0.68,10
AOI_W440471992,住宅 OSM W440471992,HOME,N_ENT_000231,way,440471992,OSM_POLYGON,0.52,0.76,0.68,10
AOI_W440471994,住宅 OSM W440471994,HOME,N_ENT_000232,way,440471994,OSM_POLYGON,0.52,0.76,0.68,10
AOI_W440471995,住宅 OSM W440471995,HOME,N_ENT_000227,way,440471995,OSM_POLYGON,0.52,0.76,0.68,10
AOI_W440471996,住宅 OSM W440471996,HOME,N_ENT_000233,way,440471996,OSM_POLYGON,0.52,0.76,0.68,10
AOI_W440471998,住宅 OSM W440471998,HOME,N_ENT_000234,way,440471998,OSM_POLYGON,0.52,0.76,0.68,10
AOI_W440471999,住宅 OSM W440471999,HOME,N_ENT_000235,way,440471999,OSM_POLYGON,0.52,0.76,0.68,10
AOI_W440472001,住宅 OSM W440472001,HOME,N_ENT_000236,way,440472001,OSM_POLYGON,0.52,0.76,0.68,10
AOI_W440472002,住宅 OSM W440472002,HOME,N_ENT_000237,way,440472002,OSM_POLYGON,0.52,0.76,0.68,10
AOI_W440472003,住宅 OSM W440472003,HOME,N_ENT_000238,way,440472003,OSM_POLYGON,0.52,0.76,0.68,10
AOI_W440472005,住宅 OSM W440472005,HOME,N_ENT_000239,way,440472005,OSM_POLYGON,0.52,0.76,0.68,10
AOI_W440472006,住宅 OSM W440472006,HOME,N_ENT_000240,way,440472006,OSM_POLYGON,0.52,0.76,0.68,10
AOI_W440472007,住宅 OSM W440472007,HOME,N_ENT_000241,way,440472007,OSM_POLYGON,0.52,0.76,0.68,10
AOI_W440472009,住宅 OSM W440472009,HOME,N_ENT_000242,way,440472009,OSM_POLYGON,0.52,0.76,0.68,10
AOI_W440472011,住宅 OSM W440472011,HOME,N_ENT_000243,way,440472011,OSM_POLYGON,0.52,0.76,0.68,10
AOI_W440472012,住宅 OSM W440472012,HOME,N_ENT_000244,way,440472012,OSM_POLYGON,0.52,0.76,0.68,10
AOI_W440472014,住宅 OSM W440472014,HOME,N_ENT_000245,way,440472014,OSM_POLYGON,0.52,0.76,0.68,10
AOI_W440472015,住宅 OSM W440472015,HOME,N_ENT_000246,way,440472015,OSM_POLYGON,0.52,0.76,0.68,10
AOI_W440472016,住宅 OSM W440472016,HOME,N_ENT_000247,way,440472016,OSM_POLYGON,0.52,0.76,0.68,10
AOI_W440472018,住宅 OSM W440472018,HOME,N_ENT_000248,way,440472018,OSM_POLYGON,0.52,0.76,0.68,10
AOI_W440472019,住宅 OSM W440472019,HOME,N_ENT_000249,way,440472019,OSM_POLYGON,0.52,0.76,0.68,10
AOI_W440472021,住宅 OSM W440472021,HOME,N_ENT_000250,way,440472021,OSM_POLYGON,0.52,0.76,0.68,10
AOI_W440472022,住宅 OSM W440472022,HOME,N_ENT_000251,way,440472022,OSM_POLYGON,0.52,0.76,0.68,10
AOI_W440472024,住宅 OSM W440472024,HOME,N_ENT_000252,way,440472024,OSM_POLYGON,0.52,0.76,0.68,10
AOI_W440472025,住宅 OSM W440472025,HOME,N_ENT_000253,way,440472025,OSM_POLYGON,0.52,0.76,0.68,10
AOI_W440472027,住宅 OSM W440472027,HOME,N_ENT_000254,way,440472027,OSM_POLYGON,0.52,0.76,0.68,10
AOI_W440472028,住宅 OSM W440472028,HOME,N_ENT_000255,way,440472028,OSM_POLYGON,0.52,0.76,0.68,10
AOI_W440472030,住宅 OSM W440472030,HOME,N_ENT_000256,way,440472030,OSM_POLYGON,0.52,0.76,0.68,10
AOI_W440472031,住宅 OSM W440472031,HOME,N_ENT_000257,way,440472031,OSM_POLYGON,0.52,0.76,0.68,10
AOI_W440476101,住宅 OSM W440476101,HOME,N_ENT_000258,way,440476101,OSM_POLYGON,0.52,0.76,0.68,10
AOI_W440476102,住宅 OSM W440476102,HOME,N_ENT_000259,way,440476102,OSM_POLYGON,0.52,0.76,0.68,10
AOI_W440476104,住宅 OSM W440476104,HOME,N_ENT_000260,way,440476104,OSM_POLYGON,0.52,0.76,0.68,10
AOI_W440476105,住宅 OSM W440476105,HOME,N_ENT_000261,way,440476105,OSM_POLYGON,0.52,0.76,0.68,10
AOI_W440476106,住宅 OSM W440476106,HOME,N_ENT_000262,way,440476106,OSM_POLYGON,0.52,0.76,0.68,10
AOI_W440476107,住宅 OSM W440476107,HOME,N_ENT_000263,way,440476107,OSM_POLYGON,0.52,0.76,0.68,10
AOI_W440476108,住宅 OSM W440476108,HOME,N_ENT_000264,way,440476108,OSM_POLYGON,0.52,0.76,0.68,10
AOI_W440476109,住宅 OSM W440476109,HOME,N_ENT_000265,way,440476109,OSM_POLYGON,0.52,0.76,0.68,10
AOI_W440476111,住宅 OSM W440476111,HOME,N_ENT_000266,way,440476111,OSM_POLYGON,0.52,0.76,0.68,10
AOI_W440476113,住宅 OSM W440476113,HOME,N_ENT_000267,way,440476113,OSM_POLYGON,0.52,0.76,0.68,10
AOI_W440476114,住宅 OSM W440476114,HOME,N_ENT_000268,way,440476114,OSM_POLYGON,0.52,0.76,0.68,10
AOI_W440476116,住宅 OSM W440476116,HOME,N_ENT_000269,way,440476116,OSM_POLYGON,0.52,0.76,0.68,10
AOI_W440476117,住宅 OSM W440476117,HOME,N_ENT_000270,way,440476117,OSM_POLYGON,0.52,0.76,0.68,10
AOI_W440476119,住宅 OSM W440476119,HOME,N_ENT_000271,way,440476119,OSM_POLYGON,0.52,0.76,0.68,10
AOI_W440476120,住宅 OSM W440476120,HOME,N_ENT_000272,way,440476120,OSM_POLYGON,0.52,0.76,0.68,10
AOI_W440476121,住宅 OSM W440476121,HOME,N_ENT_000273,way,440476121,OSM_POLYGON,0.52,0.76,0.68,10
AOI_W440476125,住宅 OSM W440476125,HOME,N_ENT_000274,way,440476125,OSM_POLYGON,0.52,0.76,0.68,10
AOI_W440476126,住宅 OSM W440476126,HOME,N_ENT_000275,way,440476126,OSM_POLYGON,0.52,0.76,0.68,10
AOI_W440476127,住宅 OSM W440476127,HOME,N_ENT_000276,way,440476127,OSM_POLYGON,0.52,0.76,0.68,10
AOI_W440476129,住宅 OSM W440476129,HOME,N_ENT_000277,way,440476129,OSM_POLYGON,0.52,0.76,0.68,10
AOI_W440476130,住宅 OSM W440476130,HOME,N_ENT_000278,way,440476130,OSM_POLYGON,0.52,0.76,0.68,10
AOI_W440476131,住宅 OSM W440476131,HOME,N_ENT_000279,way,440476131,OSM_POLYGON,0.52,0.76,0.68,10
AOI_W440476132,住宅 OSM W440476132,HOME,N_ENT_000280,way,440476132,OSM_POLYGON,0.52,0.76,0.68,10
AOI_W440476133,住宅 OSM W440476133,HOME,N_ENT_000281,way,440476133,OSM_POLYGON,0.52,0.76,0.68,10
AOI_W440476135,住宅 OSM W440476135,HOME,N_ENT_000282,way,440476135,OSM_POLYGON,0.52,0.76,0.68,10
AOI_W440476136,住宅 OSM W440476136,HOME,N_ENT_000283,way,440476136,OSM_POLYGON,0.52,0.76,0.68,10
AOI_W440476138,住宅 OSM W440476138,HOME,N_ENT_000284,way,440476138,OSM_POLYGON,0.52,0.76,0.68,10
AOI_W440476139,住宅 OSM W440476139,HOME,N_ENT_000285,way,440476139,OSM_POLYGON,0.52,0.76,0.68,10
AOI_W440476140,住宅 OSM W440476140,HOME,N_ENT_000286,way,440476140,OSM_POLYGON,0.52,0.76,0.68,10
AOI_W440476141,住宅 OSM W440476141,HOME,N_ENT_000287,way,440476141,OSM_POLYGON,0.52,0.76,0.68,10
AOI_W440476143,住宅 OSM W440476143,HOME,N_ENT_000288,way,440476143,OSM_POLYGON,0.52,0.76,0.68,10
AOI_W440476144,住宅 OSM W440476144,HOME,N_ENT_000289,way,440476144,OSM_POLYGON,0.52,0.76,0.68,10
AOI_W440476145,住宅 OSM W440476145,HOME,N_ENT_000290,way,440476145,OSM_POLYGON,0.52,0.76,0.68,10
AOI_W440476146,住宅 OSM W440476146,HOME,N_ENT_000291,way,440476146,OSM_POLYGON,0.52,0.76,0.68,10
AOI_W440476148,住宅 OSM W440476148,HOME,N_ENT_000292,way,440476148,OSM_POLYGON,0.52,0.76,0.68,10
AOI_W440476149,住宅 OSM W440476149,HOME,N_ENT_000293,way,440476149,OSM_POLYGON,0.52,0.76,0.68,10
AOI_W440476151,住宅 OSM W440476151,HOME,N_ENT_000294,way,440476151,OSM_POLYGON,0.52,0.76,0.68,10
AOI_W440476152,住宅 OSM W440476152,HOME,N_ENT_000295,way,440476152,OSM_POLYGON,0.52,0.76,0.68,10
AOI_W440476153,住宅 OSM W440476153,HOME,N_ENT_000296,way,440476153,OSM_POLYGON,0.52,0.76,0.68,10
AOI_W440476154,住宅 OSM W440476154,HOME,N_ENT_000297,way,440476154,OSM_POLYGON,0.52,0.76,0.68,10
AOI_W440476155,住宅 OSM W440476155,HOME,N_ENT_000298,way,440476155,OSM_POLYGON,0.52,0.76,0.68,10
AOI_W440476156,住宅 OSM W440476156,HOME,N_ENT_000299,way,440476156,OSM_POLYGON,0.52,0.76,0.68,10
AOI_W440476157,住宅 OSM W440476157,HOME,N_ENT_000300,way,440476157,OSM_POLYGON,0.52,0.76,0.68,10
AOI_W440476158,住宅 OSM W440476158,HOME,N_ENT_000301,way,440476158,OSM_POLYGON,0.52,0.76,0.68,10
AOI_W440476159,住宅 OSM W440476159,HOME,N_ENT_000302,way,440476159,OSM_POLYGON,0.52,0.76,0.68,10
AOI_W440476160,住宅 OSM W440476160,HOME,N_ENT_000303,way,440476160,OSM_POLYGON,0.52,0.76,0.68,10
AOI_W440476164,住宅 OSM W440476164,HOME,N_ENT_000304,way,440476164,OSM_POLYGON,0.52,0.76,0.68,10
AOI_W440476165,住宅 OSM W440476165,HOME,N_ENT_000305,way,440476165,OSM_POLYGON,0.52,0.76,0.68,10
AOI_W440476167,住宅 OSM W440476167,HOME,N_ENT_000306,way,440476167,OSM_POLYGON,0.52,0.76,0.68,10
AOI_W452987473,第四座,HOME,N_ENT_000307,way,452987473,OSM_POLYGON,0.56,0.76,0.68,36
AOI_W452987474,第一座,HOME,N_ENT_000308,way,452987474,OSM_POLYGON,0.56,0.76,0.68,36
AOI_W452987475,第二座,HOME,N_ENT_000309,way,452987475,OSM_POLYGON,0.56,0.76,0.68,36
AOI_W452987476,第三座,HOME,N_ENT_000310,way,452987476,OSM_POLYGON,0.56,0.76,0.68,36
AOI_W452987477,第五座,HOME,N_ENT_000311,way,452987477,OSM_POLYGON,0.56,0.76,0.68,36
AOI_W466118247,匡智屯门晨辉学校,WORK,N_ENT_000312,way,466118247,OSM_POLYGON,0.67,0.72,0.63,327
AOI_W516422633,手术室大楼新翼,WORK,N_ENT_000313,way,516422633,OSM_POLYGON,0.67,0.72,0.63,83
AOI_W560257774,鳳地花園,PARK,N_ENT_000222,way,560257774,OSM_POLYGON,0.86,0.82,0.88,321
AOI_W580522042,住宅 OSM W580522042,HOME,N_ENT_000314,way,580522042,OSM_POLYGON,0.52,0.76,0.68,56
AOI_W580522044,住宅 OSM W580522044,HOME,N_ENT_000315,way,580522044,OSM_POLYGON,0.52,0.76,0.68,25
AOI_W580522047,住宅 OSM W580522047,HOME,N_ENT_000316,way,580522047,OSM_POLYGON,0.52,0.76,0.68,33
AOI_W583070087,泽丰商场,SHOP,N_ENT_000317,way,583070087,OSM_POLYGON,0.74,0.71,0.69,62
AOI_W596072370,工作地 OSM W596072370,WORK,N_ENT_000318,way,596072370,OSM_POLYGON,0.63,0.72,0.63,78
AOI_W598306458,1A座,HOME,N_ENT_000319,way,598306458,OSM_POLYGON,0.56,0.76,0.68,17
AOI_W598306459,3座,HOME,N_ENT_000320,way,598306459,OSM_POLYGON,0.56,0.76,0.68,21
AOI_W598306460,1座,HOME,N_ENT_000321,way,598306460,OSM_POLYGON,0.56,0.76,0.68,17
AOI_W598306461,2B座,HOME,N_ENT_000322,way,598306461,OSM_POLYGON,0.56,0.76,0.68,10
AOI_W598306462,2A座,HOME,N_ENT_000323,way,598306462,OSM_POLYGON,0.56,0.76,0.68,10
AOI_W598306463,2C座,HOME,N_ENT_000324,way,598306463,OSM_POLYGON,0.56,0.76,0.68,10
AOI_W598306465,2D座,HOME,N_ENT_000325,way,598306465,OSM_POLYGON,0.56,0.76,0.68,10
AOI_W598306466,2F座,HOME,N_ENT_000326,way,598306466,OSM_POLYGON,0.56,0.76,0.68,10
AOI_W598306467,2E座,HOME,N_ENT_000327,way,598306467,OSM_POLYGON,0.56,0.76,0.68,10
AOI_W694950098,Park next to Opulent House,PARK,N_ENT_000328,way,694950098,OSM_POLYGON,0.86,0.82,0.88,10
AOI_W694950677,Park next to Pond,PARK,N_ENT_000329,way,694950677,OSM_POLYGON,0.86,0.82,0.88,10
AOI_W725139623,屯门河畔公园,PARK,N_OSM_11309445604,way,725139623,OSM_POLYGON,0.86,0.82,0.88,1640
AOI_W778875912,大興北休憩處,PARK,N_OSM_11966047156,way,778875912,OSM_POLYGON,0.86,0.82,0.88,56
AOI_W877538244,景峰兒童遊樂場,PARK,N_ENT_000330,way,877538244,OSM_POLYGON,0.86,0.82,0.88,43
AOI_W877538245,井財休憩處,PARK,N_ENT_000331,way,877538245,OSM_POLYGON,0.86,0.82,0.88,21
