entrance_id,aoi_id,node_id,x,y,source,inference_quality,entrance_type,access,osm_id,connector_node_id,connector_length_m,is_primary
ENT_INF_AOI_N10116278344,AOI_N10116278344,N_ENT_000001,806639.0192568551,2480387.059076472,POI_POINT,0.5,POI_POINT,,10116278344,N_OSM_1716516701,15.420473982493387,True
ENT_INF_AOI_N10130558415,AOI_N10130558415,N_ENT_000002,806604.7794948274,2480264.9307962,POI_POINT,0.5,POI_POINT,,10130558415,N_OSM_1716516490,10.611079539346164,True
ENT_INF_AOI_N11816905142,AOI_N11816905142,N_ENT_000003,805900.6221352757,2480231.057924974,POI_POINT,0.5,POI_POINT,,11816905142,N_OSM_11974932067,19.087116395758063,True
ENT_INF_AOI_N12000638399,AOI_N12000638399,N_ENT_000004,806807.7553999191,2480514.615309486,POI_POINT,0.5,POI_POINT,,12000638399,N_OSM_6705213946,15.507823389313012,True
ENT_INF_AOI_N12000685300,AOI_N12000685300,N_ENT_000005,806778.2460640926,2480458.5755996406,POI_POINT,0.5,POI_POINT,,12000685300,N_OSM_12059007406,13.308401903418439,True
ENT_INF_AOI_N12000690387,AOI_N12000690387,N_ENT_000006,806794.3956946394,2480472.130518929,POI_POINT,0.5,POI_POINT,,12000690387,N_OSM_12059007409,15.276027784806514,True
ENT_INF_AOI_N12000690937,AOI_N12000690937,N_ENT_000007,806792.5607085695,2480468.5139169022,POI_POINT,0.5,POI_POINT,,12000690937,N_OSM_12059007409,11.96786773046428,True
ENT_INF_AOI_N12000695690,AOI_N12000695690,N_ENT_000008,806791.145044455,2480513.376864436,POI_POINT,0.62,POI_POINT,,12000695690,N_OSM_12059007402,9.053000785603347,True
ENT_INF_AOI_N12000704517,AOI_N12000704517,N_ENT_000009,806793.2210165329,2480519.3924366357,POI_POINT,0.5,POI_POINT,,12000704517,N_OSM_12059007402,11.913969187824705,True
ENT_INF_AOI_N12000709670,AOI_N12000709670,N_ENT_000010,806781.86792985,2480496.2894072207,POI_POINT,0.5,POI_POINT,,12000709670,N_OSM_1716517297,14.964700243198253,True
ENT_INF_AOI_N12000710752,AOI_N12000710752,N_ENT_000011,806788.1226434757,2480501.5565616707,POI_POINT,0.5,POI_POINT,,12000710752,N_OSM_12059007402,14.539557709577789,True
ENT_INF_AOI_N12000722504,AOI_N12000722504,N_ENT_000012,806785.9645862499,2480505.3932208037,POI_POINT,0.5,POI_POINT,,12000722504,N_OSM_12059007402,10.165242981522546,True
ENT_INF_AOI_N12000723697,AOI_N12000723697,N_ENT_000013,806805.6970926751,2480510.3070530677,POI_POINT,0.5,POI_POINT,,12000723697,N_OSM_6705213946,19.01724989699608,True
ENT_INF_AOI_N12000728581,AOI_N12000728581,N_ENT_000014,806804.3197676346,2480507.5197597127,POI_POINT,0.5,POI_POINT,,12000728581,N_OSM_6705213946,21.58723316084322,True
ENT_INF_AOI_N12000734856,AOI_N12000734856,N_ENT_000015,806778.2398327882,2480484.867207806,POI_POINT,0.5,POI_POINT,,12000734856,N_OSM_12059007399,20.560086670795798,True
ENT_INF_AOI_N12000746817,AOI_N12000746817,N_ENT_000016,806795.5325798137,2480486.518204001,POI_POINT,0.5,POI_POINT,,12000746817,N_OSM_12059007409,29.631034033795586,True
ENT_INF_AOI_N12000755687,AOI_N12000755687,N_ENT_000017,806795.5612496786,2480479.3583758264,POI_POINT,0.5,POI_POINT,,12000755687,N_OSM_12059007409,22.471490643648032,True
ENT_INF_AOI_N12000760003,AOI_N12000760003,N_ENT_000018,806795.5266906397,2480477.983248702,POI_POINT,0.5,POI_POINT,,12000760003,N_OSM_12059007409,21.096164158819548,True
ENT_INF_AOI_N12000760582,AOI_N12000760582,N_ENT_000019,806792.3277157844,2480492.207325925,POI_POINT,0.5,POI_POINT,,12000760582,N_OSM_1716517297,24.07165103124345,True
ENT_OSM_N7905532121,AOI_N12000806607,N_ENT_000020,806630.7475609279,2480421.6550831688,OSM_ENTRANCE,1.0,yes,,7905532121,N_OSM_1716516890,11.580796196019643,True
ENT_INF_AOI_N12000848156,AOI_N12000848156,N_ENT_000021,806619.9600841261,2480368.9686528104,POI_POINT,0.5,POI_POINT,,12000848156,N_OSM_1716516701,29.86645330723204,True
ENT_INF_AOI_N12002187646,AOI_N12002187646,N_ENT_000022,806716.214590486,2480480.1786176055,POI_POINT,0.62,POI_POINT,,12002187646,N_OSM_2637769477,7.465305606866209,True
ENT_INF_AOI_N12002228380,AOI_N12002228380,N_ENT_000023,806772.6138752793,2480469.725422234,POI_POINT,0.5,POI_POINT,,12002228380,N_OSM_12059007399,11.408363034825287,True
ENT_INF_AOI_N12002242310,AOI_N12002242310,N_ENT_000024,806703.0272473078,2480457.5713283517,POI_POINT,0.62,POI_POINT,,12002242310,N_OSM_2637769380,9.88445952066831,True
ENT_INF_AOI_N12002267521,AOI_N12002267521,N_ENT_000025,806714.1474359655,2480468.0004217955,POI_POINT,0.72,POI_POINT,,12002267521,N_OSM_2637769423,2.859851443511267,True
ENT_INF_AOI_N12002267550,AOI_N12002267550,N_ENT_000026,806624.0229457298,2480397.4579787254,POI_POINT,0.62,POI_POINT,,12002267550,N_OSM_1716516701,3.901469415721569,True
ENT_INF_AOI_N12002272820,AOI_N12002272820,N_ENT_000027,806695.0188155028,2480457.5787644424,POI_POINT,0.5,POI_POINT,,12002272820,N_OSM_12082853287,13.329075599172702,True
ENT_INF_AOI_N12002275654,AOI_N12002275654,N_ENT_000028,806618.0929279394,2480362.8131625396,POI_POINT,0.35,POI_POINT,,12002275654,N_OSM_1716516542,34.87655185210005,True
ENT_INF_AOI_N12002283612,AOI_N12002283612,N_ENT_000029,806637.9876574709,2480382.4275993854,POI_POINT,0.5,POI_POINT,,12002283612,N_OSM_1716516701,18.343492646364684,True
ENT_INF_AOI_N12002314402,AOI_N12002314402,N_ENT_000030,806624.7966943092,2480403.658296774,POI_POINT,0.62,POI_POINT,,12002314402,N_OSM_1716516701,6.6737440278347595,True
ENT_INF_AOI_N12002325638,AOI_N12002325638,N_ENT_000031,806638.4996250743,2480444.4537905236,POI_POINT,0.5,POI_POINT,,12002325638,N_OSM_1716516890,12.723961364255016,True
ENT_INF_AOI_N12002331327,AOI_N12002331327,N_ENT_000032,806625.8865735959,2480408.989232151,POI_POINT,0.5,POI_POINT,,12002331327,N_OSM_1716516701,11.413762241257935,True
ENT_INF_AOI_N12002341738,AOI_N12002341738,N_ENT_000033,806636.629981185,2480440.5039995825,POI_POINT,0.62,POI_POINT,,12002341738,N_OSM_1716516890,8.54885342578438,True
ENT_INF_AOI_N12002486325,AOI_N12002486325,N_ENT_000034,806713.4986423327,2480550.598082772,POI_POINT,0.62,POI_POINT,,12002486325,N_OSM_2637769570,8.926292711993623,True
ENT_INF_AOI_N12002503487,AOI_N12002503487,N_ENT_000035,806652.2289711462,2480552.5197952003,POI_POINT,0.5,POI_POINT,,12002503487,N_OSM_12082853277,27.901224121218227,True
ENT_INF_AOI_N12002508530,AOI_N12002508530,N_ENT_000036,806627.0524570777,2480415.6850298755,POI_POINT,0.5,POI_POINT,,12002508530,N_OSM_1716516701,17.948878078802068,True
ENT_INF_AOI_N12002517227,AOI_N12002517227,N_ENT_000037,806645.1980036394,2480504.795935652,POI_POINT,0.5,POI_POINT,,12002517227,N_OSM_2637769472,14.89170580502565,True
ENT_INF_AOI_N12002517231,AOI_N12002517231,N_ENT_000038,806703.7156860346,2480508.6055399342,POI_POINT,0.5,POI_POINT,,12002517231,N_OSM_1716517319,17.085596987450035,True
ENT_INF_AOI_N12002518262,AOI_N12002518262,N_ENT_000039,806621.1518096897,2480442.979233142,POI_POINT,0.5,POI_POINT,,12002518262,N_OSM_9956953609,10.930633026109113,True
ENT_INF_AOI_N12002530660,AOI_N12002530660,N_ENT_000040,806698.4412841203,2480569.275585225,POI_POINT,0.62,POI_POINT,,12002530660,N_OSM_12082853281,8.832052018096785,True
ENT_INF_AOI_N12002533350,AOI_N12002533350,N_ENT_000041,806709.2625204569,2480611.9205243727,POI_POINT,0.5,POI_POINT,,12002533350,N_OSM_2637769735,13.905742074050105,True
ENT_INF_AOI_N12002583161,AOI_N12002583161,N_ENT_000042,806696.5138250855,2480470.5436703847,POI_POINT,0.5,POI_POINT,,12002583161,N_OSM_1716517140,18.419561274522323,True
ENT_INF_AOI_N12002589386,AOI_N12002589386,N_ENT_000043,806696.0125883925,2480468.793510911,POI_POINT,0.5,POI_POINT,,12002589386,N_OSM_1716517140,17.44458866803272,True
ENT_INF_AOI_N12002805421,AOI_N12002805421,N_ENT_000044,806587.1964258229,2480348.10154586,POI_POINT,0.62,POI_POINT,,12002805421,N_OSM_11715953884,9.767275288694872,True
ENT_INF_AOI_N12002847243,AOI_N12002847243,N_ENT_000045,806599.5321682129,2480414.197241863,POI_POINT,0.5,POI_POINT,,12002847243,N_OSM_11715953887,10.341689228319208,True
ENT_INF_AOI_N12002872004,AOI_N12002872004,N_ENT_000046,806591.9027782918,2480375.3289293237,POI_POINT,0.5,POI_POINT,,12002872004,N_OSM_4407862994,20.289912217456973,True
ENT_INF_AOI_N12003002561,AOI_N12003002561,N_ENT_000047,806587.0126816313,2480343.852661011,POI_POINT,0.62,POI_POINT,,12003002561,N_OSM_11715953884,8.491436211104178,True
ENT_INF_AOI_N12003122707,AOI_N12003122707,N_ENT_000048,806705.8008437416,2480599.382140575,POI_POINT,0.5,POI_POINT,,12003122707,N_OSM_11715953911,20.566514601504192,True
ENT_INF_AOI_N12003137985,AOI_N12003137985,N_ENT_000049,806725.9565474791,2480548.140635741,POI_POINT,0.62,POI_POINT,,12003137985,N_OSM_2637769547,8.515643479616301,True
ENT_INF_AOI_N12003208063,AOI_N12003208063,N_ENT_000050,806715.400917112,2480475.4738637153,POI_POINT,0.62,POI_POINT,,12003208063,N_OSM_2637769423,4.920804582962659,True
ENT_INF_AOI_N12003212996,AOI_N12003212996,N_ENT_000051,806714.125912092,2480464.4087148793,POI_POINT,0.62,POI_POINT,,12003212996,N_OSM_2637769423,6.28272666309552,True
ENT_INF_AOI_N12003218357,AOI_N12003218357,N_ENT_000052,806303.9548406894,2480545.4510883056,POI_POINT,0.5,POI_POINT,,12003218357,N_OSM_9336006895,13.432508075134606,True
ENT_INF_AOI_N12003236490,AOI_N12003236490,N_ENT_000053,806249.5291995727,2480799.752069254,POI_POINT,0.5,POI_POINT,,12003236490,N_OSM_4959980564,25.72248550406529,True
ENT_INF_AOI_N12005127262,AOI_N12005127262,N_ENT_000054,806633.7585315477,2480300.464849146,POI_POINT,0.5,POI_POINT,,12005127262,N_OSM_1716516515,13.94577535331406,True
ENT_INF_AOI_N12005132823,AOI_N12005132823,N_ENT_000055,806603.488953935,2480304.553338504,POI_POINT,0.5,POI_POINT,,12005132823,N_OSM_1716516518,12.12733902235353,True
ENT_INF_AOI_N12005135112,AOI_N12005135112,N_ENT_000056,806617.1097866959,2480262.68130332,POI_POINT,0.5,POI_POINT,,12005135112,N_OSM_1716516490,16.493099813426817,True
ENT_INF_AOI_N12005146624,AOI_N12005146624,N_ENT_000057,806625.0283198773,2480276.050643529,POI_POINT,0.62,POI_POINT,,12005146624,N_OSM_1716516486,8.332855961225365,True
ENT_INF_AOI_N12005208226,AOI_N12005208226,N_ENT_000058,806619.2102102882,2480295.0222622026,POI_POINT,0.5,POI_POINT,,12005208226,N_OSM_1716516518,18.21938855323764,True
ENT_INF_AOI_N12005315792,AOI_N12005315792,N_ENT_000059,806598.9545789312,2480284.766850765,POI_POINT,0.5,POI_POINT,,12005315792,N_OSM_1716516490,12.097043218759856,True
ENT_INF_AOI_N12005578787,AOI_N12005578787,N_ENT_000060,806773.7854028873,2480476.1331634745,POI_POINT,0.5,POI_POINT,,12005578787,N_OSM_12059007399,12.624527468132218,True
ENT_INF_AOI_N12005579819,AOI_N12005579819,N_ENT_000061,806768.3174105188,2480458.2234635614,POI_POINT,0.62,POI_POINT,,12005579819,N_OSM_1716517138,7.969526152027334,True
ENT_INF_AOI_N12005593197,AOI_N12005593197,N_ENT_000062,806814.2835032912,2480397.008378799,POI_POINT,0.35,POI_POINT,,12005593197,N_OSM_12059007414,46.21826817769718,True
ENT_INF_AOI_N12005604142,AOI_N12005604142,N_ENT_000063,806711.1616876532,2480453.80885271,POI_POINT,0.62,POI_POINT,,12005604142,N_OSM_2637769380,3.9610959589880674,True
ENT_INF_AOI_N12005768549,AOI_N12005768549,N_ENT_000064,806782.8075235265,2480498.801993119,POI_POINT,0.5,POI_POINT,,12005768549,N_OSM_1716517297,13.103479544806351,True
ENT_INF_AOI_N12005777965,AOI_N12005777965,N_ENT_000065,806780.5808766577,2480494.1467914646,POI_POINT,0.5,POI_POINT,,12005777965,N_OSM_1716517297,16.59787567849672,True
ENT_INF_AOI_N12005787661,AOI_N12005787661,N_ENT_000066,806772.8767209532,2480456.9948867857,POI_POINT,0.5,POI_POINT,,12005787661,N_OSM_12059007405,11.105867227299097,True
ENT_INF_AOI_N12006445355,AOI_N12006445355,N_ENT_000067,806793.6392809518,2480491.0362516176,POI_POINT,0.5,POI_POINT,,12006445355,N_OSM_1716517297,25.819175186504527,True
ENT_INF_AOI_N12007044181,AOI_N12007044181,N_ENT_000068,806782.3076044314,2480460.618075433,POI_POINT,0.5,POI_POINT,,12007044181,N_OSM_12059007408,12.935542045946068,True
ENT_INF_AOI_N12007044327,AOI_N12007044327,N_ENT_000069,806789.4950935757,2480465.105669824,POI_POINT,0.5,POI_POINT,,12007044327,N_OSM_12059007409,10.119007866081562,True
ENT_INF_AOI_N12007170191,AOI_N12007170191,N_ENT_000070,806803.7142575051,2480504.7921158867,POI_POINT,0.5,POI_POINT,,12007170191,N_OSM_6705213946,23.625636485124094,True
ENT_INF_AOI_N12007170553,AOI_N12007170553,N_ENT_000071,806598.4584927862,2480409.08831445,POI_POINT,0.62,POI_POINT,,12007170553,N_OSM_11715953887,7.179159232191396,True
ENT_INF_AOI_N12008279927,AOI_N12008279927,N_ENT_000072,806653.2071825246,2480444.4572363137,POI_POINT,0.5,POI_POINT,,12008279927,N_OSM_12082853286,18.99848433269946,True
ENT_INF_AOI_N12008680413,AOI_N12008680413,N_ENT_000073,806702.3452545967,2480481.04521496,POI_POINT,0.5,POI_POINT,,12008680413,N_OSM_2637769423,16.777002690156383,True
ENT_INF_AOI_N12008881919,AOI_N12008881919,N_ENT_000074,806713.6908877356,2480462.4381838758,POI_POINT,0.62,POI_POINT,,12008881919,N_OSM_2637769423,8.300666937964687,True
ENT_INF_AOI_N12008933835,AOI_N12008933835,N_ENT_000075,806719.7706740013,2480503.548133818,POI_POINT,0.5,POI_POINT,,12008933835,N_OSM_2637769484,12.367617321733197,True
ENT_INF_AOI_N12009509324,AOI_N12009509324,N_ENT_000076,806746.3429090885,2480602.702425081,POI_POINT,0.62,POI_POINT,,12009509324,N_OSM_2637769704,8.749484505196323,True
ENT_INF_AOI_N12009565661,AOI_N12009565661,N_ENT_000077,806629.0892804059,2480486.575551447,POI_POINT,0.5,POI_POINT,,12009565661,N_OSM_5041341480,12.57834657001452,True
ENT_INF_AOI_N12009578541,AOI_N12009578541,N_ENT_000078,806567.8070666804,2480248.3918334716,POI_POINT,0.62,POI_POINT,,12009578541,N_OSM_1716516460,3.4024246686087376,True
ENT_INF_AOI_N12009585275,AOI_N12009585275,N_ENT_000079,806652.2815691875,2480576.374021454,POI_POINT,0.62,POI_POINT,,12009585275,N_OSM_11715953907,9.173490625446464,True
ENT_INF_AOI_N12009589344,AOI_N12009589344,N_ENT_000080,806568.5489885437,2480256.719675181,POI_POINT,0.62,POI_POINT,,12009589344,N_OSM_11964710502,7.019111197184013,True
ENT_INF_AOI_N12009602615,AOI_N12009602615,N_ENT_000081,806570.8948217775,2480265.7665297394,POI_POINT,0.5,POI_POINT,,12009602615,N_OSM_11964710502,14.551874982706321,True
ENT_INF_AOI_N12009604841,AOI_N12009604841,N_ENT_000082,806573.658788782,2480289.075930726,POI_POINT,0.5,POI_POINT,,12009604841,N_OSM_11715953881,10.382157388491523,True
ENT_INF_AOI_N12009609225,AOI_N12009609225,N_ENT_000083,806591.1061589542,2480266.300192024,POI_POINT,0.5,POI_POINT,,12009609225,N_OSM_1716516490,17.954715598725947,True
ENT_INF_AOI_N12009779836,AOI_N12009779836,N_ENT_000084,806631.3163647336,2480502.126492329,POI_POINT,0.5,POI_POINT,,12009779836,N_OSM_2637769472,19.08942114169193,True
ENT_INF_AOI_N12009787002,AOI_N12009787002,N_ENT_000085,806632.5533682016,2480506.274339009,POI_POINT,0.5,POI_POINT,,12009787002,N_OSM_2637769472,21.166775833628563,True
ENT_INF_AOI_N12009831715,AOI_N12009831715,N_ENT_000086,806633.0189723289,2480510.8613418704,POI_POINT,0.5,POI_POINT,,12009831715,N_OSM_12082853275,19.747872779916346,True
ENT_INF_AOI_N12009858077,AOI_N12009858077,N_ENT_000087,806644.0793357434,2480578.361702656,POI_POINT,0.5,POI_POINT,,12009858077,N_OSM_11715953907,11.419844054024008,True
ENT_INF_AOI_N12022913238,AOI_N12022913238,N_ENT_000088,806655.8540941877,2480331.7613345725,POI_POINT,0.62,POI_POINT,,12022913238,N_OSM_4848078031,9.078888431551698,True
ENT_INF_AOI_N12028764797,AOI_N12028764797,N_ENT_000089,806699.0754470495,2480466.105374281,POI_POINT,0.5,POI_POINT,,12028764797,N_OSM_2637769423,16.955021083483118,True
ENT_INF_AOI_N12028764798,AOI_N12028764798,N_ENT_000090,806699.7417198402,2480468.3686800012,POI_POINT,0.5,POI_POINT,,12028764798,N_OSM_2637769423,15.846248922557296,True
ENT_INF_AOI_N12028786327,AOI_N12028786327,N_ENT_000091,806735.1022252262,2480610.304896406,POI_POINT,0.5,POI_POINT,,12028786327,N_OSM_2637769727,16.729022640338915,True
ENT_INF_AOI_N12028786328,AOI_N12028786328,N_ENT_000092,806743.2847622568,2480607.7515788786,POI_POINT,0.62,POI_POINT,,12028786328,N_OSM_2637769727,9.902698892225132,True
ENT_INF_AOI_N12028823630,AOI_N12028823630,N_ENT_000093,806697.9294936882,2480478.6742939358,POI_POINT,0.5,POI_POINT,,12028823630,N_OSM_2637769423,19.299057992773037,True
ENT_INF_AOI_N12030998307,AOI_N12030998307,N_ENT_000094,806680.9733778188,2480542.681771783,POI_POINT,0.62,POI_POINT,,12030998307,N_OSM_2637769685,9.407597399539833,True
ENT_INF_AOI_N12068057382,AOI_N12068057382,N_ENT_000095,806802.6135629105,2480502.0879005077,POI_POINT,0.5,POI_POINT,,12068057382,N_OSM_12059007402,24.059921022357358,True
ENT_INF_AOI_N12207299143,AOI_N12207299143,N_ENT_000096,806789.603587563,2480497.5623750077,POI_POINT,0.5,POI_POINT,,12207299143,N_OSM_1716517297,18.323822163590073,True
ENT_INF_AOI_N12401501747,AOI_N12401501747,N_ENT_000097,806779.9981086497,2480492.3506735847,POI_POINT,0.5,POI_POINT,,12401501747,N_OSM_1716517297,18.213344078821738,True
ENT_INF_AOI_N12704162969,AOI_N12704162969,N_ENT_000098,806701.9097127538,2480574.199255049,POI_POINT,0.62,POI_POINT,,12704162969,N_OSM_12082853281,6.379679386523533,True
ENT_INF_AOI_N12768025213,AOI_N12768025213,N_ENT_000099,806796.7187947021,2480492.704555841,POI_POINT,0.5,POI_POINT,,12768025213,N_OSM_12059007402,26.4661245553519,True
ENT_INF_AOI_N13306889250,AOI_N13306889250,N_ENT_000100,806611.9815610175,2480339.393038542,POI_POINT,0.5,POI_POINT,,13306889250,N_OSM_1716516542,12.11459283667991,True
ENT_INF_AOI_N13329837994,AOI_N13329837994,N_ENT_000101,806666.457423973,2480571.9997803927,POI_POINT,0.5,POI_POINT,,13329837994,N_OSM_11715953907,19.09372855202121,True
ENT_INF_AOI_N13329850522,AOI_N13329850522,N_ENT_000102,806674.1428751454,2480572.684236655,POI_POINT,0.5,POI_POINT,,13329850522,N_OSM_12082853280,13.883704003999393,True
ENT_INF_AOI_N3814915569,AOI_N3814915569,N_ENT_000103,805890.4283587164,2480445.245263273,POI_POINT,0.5,POI_POINT,,3814915569,N_OSM_11966048625,10.716713862325872,True
ENT_INF_AOI_N4021206441,AOI_N4021206441,N_ENT_000104,805842.31668305,2480441.6224116758,POI_POINT,0.5,POI_POINT,,4021206441,N_OSM_11966047992,16.06091544242924,True
ENT_INF_AOI_N4542773782,AOI_N4542773782,N_ENT_000105,806621.2343190119,2480374.358663145,POI_POINT,0.5,POI_POINT,,4542773782,N_OSM_1716516701,24.332623116634416,True
ENT_INF_AOI_N4850977988,AOI_N4850977988,N_ENT_000106,806034.7084160859,2480240.6603345545,POI_POINT,0.5,POI_POINT,,4850977988,N_OSM_4457491389,21.55489570218068,True
ENT_INF_AOI_N4851043596,AOI_N4851043596,N_ENT_000107,805905.5233784518,2480231.8199138725,POI_POINT,0.5,POI_POINT,,4851043596,N_OSM_11974932067,14.254839265567346,True
ENT_INF_AOI_N5437456426,AOI_N5437456426,N_ENT_000108,806635.2130579352,2480582.1318593016,POI_POINT,0.5,POI_POINT,,5437456426,N_OSM_2637769697,13.332302383828498,True
ENT_INF_AOI_N5437578321,AOI_N5437578321,N_ENT_000109,806696.4269296183,2480553.3963160138,POI_POINT,0.62,POI_POINT,,5437578321,N_OSM_12082853282,9.24802832598776,True
ENT_INF_AOI_N6483329367,AOI_N6483329367,N_ENT_000110,805817.8559508084,2480364.6472345362,POI_POINT,0.62,POI_POINT,,6483329367,N_OSM_11966047866,5.618586137865548,True
ENT_OSM_N2637768970,AOI_R12915602_P1,N_ENT_000111,806504.6875456783,2480255.7088656714,OSM_ENTRANCE,1.0,yes,,2637768970,N_OSM_2637768950,3.1945048210437808,True
ENT_OSM_N2637769118,AOI_R12915602_P1,N_ENT_000112,806492.0131370982,2480297.167431479,OSM_ENTRANCE,1.0,yes,,2637769118,N_OSM_12058921338,15.271620233432804,False
ENT_INF_AOI_R12915602_P2,AOI_R12915602_P2,N_ENT_000113,806512.4440828542,2480347.4622139693,INFERRED_NEAREST_WALK_NODE,0.5,INFERRED_BOUNDARY,,12915602,N_OSM_2637769238,15.659606167685652,True
ENT_OSM_N11966048458,AOI_R2135715_P1,N_OSM_11966048458,805868.2986245432,2480478.1485673483,OSM_ENTRANCE,1.0,yes,,11966048458,N_OSM_11966048458,0.0,True
ENT_OSM_N11966048625,AOI_R2135715_P1,N_OSM_11966048625,805900.3887598793,2480449.1998005,OSM_ENTRANCE,1.0,yes,,11966048625,N_OSM_11966048625,0.0,False
ENT_INF_AOI_R2135715_P2,AOI_R2135715_P2,N_OSM_1716517288,805921.3242775274,2480477.7121805735,INFERRED_NEAREST_WALK_NODE,0.72,INFERRED_BOUNDARY,,2135715,N_OSM_1716517288,0.0,True
ENT_OSM_N2632167847,AOI_R3459948,N_OSM_2632167847,806472.6104132845,2481121.1242863797,OSM_GATE,0.82,lift_gate,,2632167847,N_OSM_2632167847,0.0,True
ENT_INF_AOI_W1216212824,AOI_W1216212824,N_ENT_000114,806804.7043812552,2480622.1602682034,INFERRED_NEAREST_WALK_NODE,0.5,INFERRED_BOUNDARY,,1216212824,N_OSM_3816511094,13.073012866488932,True
ENT_INF_AOI_W1216212826,AOI_W1216212826,N_ENT_000115,806840.6444697749,2480654.8291723044,INFERRED_NEAREST_WALK_NODE,0.62,INFERRED_BOUNDARY,,1216212826,N_OSM_9395322935,5.101355592566396,True
ENT_INF_AOI_W1216212827,AOI_W1216212827,N_ENT_000116,806888.1426618267,2480632.217806853,INFERRED_NEAREST_WALK_NODE,0.62,INFERRED_BOUNDARY,,1216212827,N_OSM_12059007426,9.221960896312316,True
ENT_INF_AOI_W1216212829,AOI_W1216212829,N_ENT_000117,806890.1145268397,2480706.8315579896,INFERRED_NEAREST_WALK_NODE,0.5,INFERRED_BOUNDARY,,1216212829,N_OSM_11268925752,18.68998033189432,True
ENT_INF_AOI_W1216212830,AOI_W1216212830,N_ENT_000118,806947.891476877,2480753.1133264652,INFERRED_NEAREST_WALK_NODE,0.5,INFERRED_BOUNDARY,,1216212830,N_OSM_11268925748,16.617153010890597,True
ENT_INF_AOI_W1260484151,AOI_W1260484151,N_ENT_000119,806946.8718022415,2480522.5183099327,INFERRED_NEAREST_WALK_NODE,0.62,INFERRED_BOUNDARY,,1260484151,N_OSM_12059007475,4.393452563087514,True
ENT_INF_AOI_W1290600692,AOI_W1290600692,N_ENT_000120,805934.8177528577,2480644.3574595577,INFERRED_NEAREST_WALK_NODE,0.62,INFERRED_BOUNDARY,,1290600692,N_OSM_11966047371,4.971949194512041,True
ENT_INF_AOI_W1290619142,AOI_W1290619142,N_ENT_000121,806065.11243024,2480311.014427192,INFERRED_NEAREST_WALK_NODE,0.5,INFERRED_BOUNDARY,,1290619142,N_OSM_12058824049,29.482348301351468,True
ENT_INF_AOI_W1290848806,AOI_W1290848806,N_ENT_000122,805870.345165353,2480796.21656274,INFERRED_NEAREST_WALK_NODE,0.62,INFERRED_BOUNDARY,,1290848806,N_OSM_11968429567,5.453796454961512,True
ENT_INF_AOI_W1290848809,AOI_W1290848809,N_ENT_000123,805929.5107977416,2480845.8559534396,INFERRED_NEAREST_WALK_NODE,0.62,INFERRED_BOUNDARY,,1290848809,N_OSM_11968445779,7.587465482130285,True
ENT_INF_AOI_W1290848810,AOI_W1290848810,N_ENT_000124,805847.6476414575,2480845.3337373077,INFERRED_NEAREST_WALK_NODE,0.62,INFERRED_BOUNDARY,,1290848810,N_OSM_11968445825,3.039159076459563,True
ENT_INF_AOI_W1290848811,AOI_W1290848811,N_ENT_000125,805796.7097182957,2480828.34293166,INFERRED_NEAREST_WALK_NODE,0.62,INFERRED_BOUNDARY,,1290848811,N_OSM_11968445571,4.161270026853719,True
ENT_INF_AOI_W1290933038,AOI_W1290933038,N_ENT_000126,806166.8610333193,2480234.4418285284,INFERRED_NEAREST_WALK_NODE,0.35,INFERRED_BOUNDARY,,1290933038,N_OSM_12058824067,42.07037699407447,True
ENT_INF_AOI_W1290933040,AOI_W1290933040,N_ENT_000127,806280.0360914688,2480274.4012579764,INFERRED_NEAREST_WALK_NODE,0.62,INFERRED_BOUNDARY,,1290933040,N_OSM_11969008262,2.7207595436870453,True
ENT_INF_AOI_W1291689288,AOI_W1291689288,N_ENT_000128,806022.5297886714,2480250.5256186,INFERRED_NEAREST_WALK_NODE,0.62,INFERRED_BOUNDARY,,1291689288,N_OSM_4457491389,7.266498644072372,True
ENT_OSM_N1716516390,AOI_W1291689299,N_ENT_000129,805783.0603602594,2480161.8849060303,OSM_GATE,0.82,gate,,1716516390,N_OSM_11974932131,50.96537357994648,True
ENT_INF_AOI_W1346585220,AOI_W1346585220,N_ENT_000130,806516.643719316,2480307.697835196,INFERRED_NEAREST_WALK_NODE,0.62,INFERRED_BOUNDARY,,1346585220,N_OSM_9957016756,6.510731063084733,True
ENT_INF_AOI_W159542777,AOI_W159542777,N_ENT_000131,805833.1640544162,2480371.6481677685,INFERRED_NEAREST_WALK_NODE,0.62,INFERRED_BOUNDARY,,159542777,N_OSM_11966047868,5.056119812445017,True
ENT_INF_AOI_W159542793,AOI_W159542793,N_ENT_000132,805917.4291294052,2480342.7303146035,INFERRED_NEAREST_WALK_NODE,0.62,INFERRED_BOUNDARY,,159542793,N_OSM_11966048496,6.32521819056472,True
ENT_OSM_N1716517154,AOI_W159542977,N_OSM_1716517154,806487.2099726006,2480456.3185741236,OSM_GATE,0.82,gate,,1716517154,N_OSM_1716517154,0.0,True
ENT_INF_AOI_W159542979,AOI_W159542979,N_ENT_000133,806021.0800210724,2480286.5440399046,INFERRED_NEAREST_WALK_NODE,0.5,INFERRED_BOUNDARY,,159542979,N_OSM_4353625299,19.279716122677893,True
ENT_INF_AOI_W219674321,AOI_W219674321,N_ENT_000134,805787.0284144304,2480798.630961851,INFERRED_NEAREST_WALK_NODE,0.72,INFERRED_BOUNDARY,,219674321,N_OSM_11968445573,1.4921044634472314,True
ENT_INF_AOI_W219675462,AOI_W219675462,N_ENT_000135,805857.2829647942,2480869.876146108,INFERRED_NEAREST_WALK_NODE,0.72,INFERRED_BOUNDARY,,219675462,N_OSM_11968445827,2.840964291217731,True
ENT_INF_AOI_W219675464,AOI_W219675464,N_ENT_000136,805791.6468087528,2480847.7508393326,INFERRED_NEAREST_WALK_NODE,0.62,INFERRED_BOUNDARY,,219675464,N_OSM_11968445575,5.195269854961935,True
ENT_INF_AOI_W219675465,AOI_W219675465,N_ENT_000137,805886.9627372097,2480878.8539731847,INFERRED_NEAREST_WALK_NODE,0.5,INFERRED_BOUNDARY,,219675465,N_OSM_1710826229,21.853989056917303,True
ENT_INF_AOI_W219675466,AOI_W219675466,N_ENT_000138,805861.5349520976,2480866.978630163,INFERRED_NEAREST_WALK_NODE,0.62,INFERRED_BOUNDARY,,219675466,N_OSM_11968445826,7.503663355022475,True
ENT_INF_AOI_W219675468,AOI_W219675468,N_ENT_000139,805933.7768805366,2480793.552879417,INFERRED_NEAREST_WALK_NODE,0.72,INFERRED_BOUNDARY,,219675468,N_OSM_11968429561,1.4902947391436658,True
ENT_INF_AOI_W219675471,AOI_W219675471,N_ENT_000140,805835.4586714795,2480821.4329350693,INFERRED_NEAREST_WALK_NODE,0.72,INFERRED_BOUNDARY,,219675471,N_OSM_11968429538,2.2422183257801462,True
ENT_INF_AOI_W219675477,AOI_W219675477,N_ENT_000141,805864.3316005077,2480793.0756519753,INFERRED_NEAREST_WALK_NODE,0.72,INFERRED_BOUNDARY,,219675477,N_OSM_11968429567,1.4909262087996376,True
ENT_INF_AOI_W219675482,AOI_W219675482,N_ENT_000142,805833.494839679,2480823.5616861256,INFERRED_NEAREST_WALK_NODE,0.62,INFERRED_BOUNDARY,,219675482,N_OSM_11968429538,4.611529052968745,True
ENT_INF_AOI_W219919610,AOI_W219919610,N_ENT_000143,805798.5667426636,2480498.3318737918,INFERRED_NEAREST_WALK_NODE,0.72,INFERRED_BOUNDARY,,219919610,N_OSM_11966047056,1.4935996201922084,True
ENT_INF_AOI_W220235865,AOI_W220235865,N_ENT_000144,805961.7519490654,2480610.883734362,INFERRED_NEAREST_WALK_NODE,0.72,INFERRED_BOUNDARY,,220235865,N_OSM_11966047659,1.636445542840575,True
ENT_INF_AOI_W220235866,AOI_W220235866,N_ENT_000145,805975.8972157817,2480469.2164026904,INFERRED_NEAREST_WALK_NODE,0.72,INFERRED_BOUNDARY,,220235866,N_OSM_11966048027,1.1290696429021714,True
ENT_INF_AOI_W220235871,AOI_W220235871,N_ENT_000146,805869.9748762609,2480608.861055596,INFERRED_NEAREST_WALK_NODE,0.72,INFERRED_BOUNDARY,,220235871,N_OSM_11966047369,1.5003885151750582,True
ENT_INF_AOI_W220337664,AOI_W220337664,N_ENT_000147,806301.6565383453,2480364.997630099,INFERRED_NEAREST_WALK_NODE,0.62,INFERRED_BOUNDARY,,220337664,N_OSM_12058855180,6.260496696421403,True
ENT_INF_AOI_W220337665,AOI_W220337665,N_ENT_000148,806017.9756792086,2480640.8328171344,INFERRED_NEAREST_WALK_NODE,0.62,INFERRED_BOUNDARY,,220337665,N_OSM_11966047209,8.998030097941841,True
ENT_INF_AOI_W220337666,AOI_W220337666,N_ENT_000149,806002.7472825747,2480329.7317592283,INFERRED_NEAREST_WALK_NODE,0.35,INFERRED_BOUNDARY,,220337666,N_OSM_11966048530,47.74991426465779,True
ENT_INF_AOI_W220337667,AOI_W220337667,N_ENT_000150,806203.1395363269,2480283.442578846,INFERRED_NEAREST_WALK_NODE,0.62,INFERRED_BOUNDARY,,220337667,N_OSM_12058855171,5.600860764056319,True
ENT_INF_AOI_W220337668,AOI_W220337668,N_ENT_000151,805877.9892071227,2480321.1785753863,INFERRED_NEAREST_WALK_NODE,0.5,INFERRED_BOUNDARY,,220337668,N_OSM_5022903886,10.790033609395207,True
ENT_INF_AOI_W220337670,AOI_W220337670,N_ENT_000152,806006.6182467375,2480286.044420372,INFERRED_NEAREST_WALK_NODE,0.5,INFERRED_BOUNDARY,,220337670,N_OSM_4353625299,25.080466775469375,True
ENT_INF_AOI_W220337673,AOI_W220337673,N_ENT_000153,805899.2112922128,2480311.9402403776,INFERRED_NEAREST_WALK_NODE,0.62,INFERRED_BOUNDARY,,220337673,N_OSM_11966048494,4.001167327394384,True
ENT_INF_AOI_W220337674,AOI_W220337674,N_ENT_000154,805963.8021653304,2480317.0347104506,INFERRED_NEAREST_WALK_NODE,0.35,INFERRED_BOUNDARY,,220337674,N_OSM_11966048586,32.85563298836982,True
ENT_OSM_N11969010605,AOI_W220337675,N_ENT_000155,806153.5288899327,2480271.6866383427,OSM_GATE,0.82,gate,,11969010605,N_OSM_12058855210,2.924595117518295,True
ENT_OSM_N2294679727,AOI_W220337680,N_ENT_000156,806253.7420854003,2480292.46946095,OSM_ENTRANCE,1.0,yes,,2294679727,N_OSM_12058855174,6.349871446175812,True
ENT_INF_AOI_W220337681,AOI_W220337681,N_ENT_000157,806261.4821826189,2480213.8620703476,INFERRED_NEAREST_WALK_NODE,0.72,INFERRED_BOUNDARY,,220337681,N_OSM_12058855205,2.426929775595331,True
ENT_INF_AOI_W220337687,AOI_W220337687,N_ENT_000158,806139.7152184333,2480269.381660651,INFERRED_NEAREST_WALK_NODE,0.72,INFERRED_BOUNDARY,,220337687,N_OSM_12058824066,2.6356018361067095,True
ENT_INF_AOI_W220337688,AOI_W220337688,N_ENT_000159,806286.4096681161,2480340.0688615907,INFERRED_NEAREST_WALK_NODE,0.5,INFERRED_BOUNDARY,,220337688,N_OSM_12334672354,11.941671529539772,True
ENT_OSM_N2294679974,AOI_W220337695,N_ENT_000160,806213.435578106,2480169.4575687996,OSM_ENTRANCE,1.0,yes,,2294679974,N_OSM_12058855206,20.408744255261354,True
ENT_OSM_N11969008259,AOI_W220337695,N_ENT_000161,806239.7292001637,2480179.8208893933,OSM_ENTRANCE,1.0,yes,,11969008259,N_OSM_12058855209,8.424432600222202,False
ENT_OSM_N11969008260,AOI_W220337695,N_ENT_000162,806136.1835894717,2480173.7474562335,OSM_ENTRANCE,1.0,yes,,11969008260,N_OSM_1710825765,17.22296336049135,False
ENT_OSM_N11969008261,AOI_W220337695,N_ENT_000163,806256.5519263346,2480265.0807465855,OSM_ENTRANCE,1.0,yes,,11969008261,N_OSM_12058855192,4.954646470989748,False
ENT_INF_AOI_W220337696,AOI_W220337696,N_ENT_000164,806053.4369299519,2480300.49729751,INFERRED_NEAREST_WALK_NODE,0.35,INFERRED_BOUNDARY,,220337696,N_OSM_11974931891,30.241645495103413,True
ENT_INF_AOI_W220339651,AOI_W220339651,N_ENT_000165,805922.522850672,2480232.677113114,INFERRED_NEAREST_WALK_NODE,0.72,INFERRED_BOUNDARY,,220339651,N_OSM_11974932065,1.7437560093054765,True
ENT_INF_AOI_W220341312,AOI_W220341312,N_ENT_000166,805860.4533153262,2480218.2039696155,INFERRED_NEAREST_WALK_NODE,0.5,INFERRED_BOUNDARY,,220341312,N_OSM_11974932141,28.47747675099341,True
ENT_INF_AOI_W220341313,AOI_W220341313,N_ENT_000167,806035.1781838273,2480238.2754585207,INFERRED_NEAREST_WALK_NODE,0.5,INFERRED_BOUNDARY,,220341313,N_OSM_4457491389,23.754697942516774,True
ENT_INF_AOI_W220341316,AOI_W220341316,N_ENT_000168,805944.1416512672,2480228.7486965233,INFERRED_NEAREST_WALK_NODE,0.62,INFERRED_BOUNDARY,,220341316,N_OSM_11974932063,6.660669164817287,True
ENT_INF_AOI_W220341322,AOI_W220341322,N_ENT_000169,806086.2951933565,2480243.188643555,INFERRED_NEAREST_WALK_NODE,0.5,INFERRED_BOUNDARY,,220341322,N_OSM_11974931898,10.516865208171245,True
ENT_INF_AOI_W220341325,AOI_W220341325,N_ENT_000170,805782.1214811112,2480211.7993865497,INFERRED_NEAREST_WALK_NODE,0.72,INFERRED_BOUNDARY,,220341325,N_OSM_11974932131,1.4997558592903475,True
ENT_INF_AOI_W255637879,AOI_W255637879,N_ENT_000171,806569.4058291306,2480806.264151311,INFERRED_NEAREST_WALK_NODE,0.62,INFERRED_BOUNDARY,,255637879,N_OSM_7272062062,3.6123979971513664,True
ENT_INF_AOI_W257743881,AOI_W257743881,N_ENT_000172,806473.2317710689,2480909.22142501,INFERRED_NEAREST_WALK_NODE,0.5,INFERRED_BOUNDARY,,257743881,N_OSM_7098256073,23.6511096507025,True
ENT_INF_AOI_W257743884,AOI_W257743884,N_ENT_000173,806340.381447057,2480528.63610889,INFERRED_NEAREST_WALK_NODE,0.72,INFERRED_BOUNDARY,,257743884,N_OSM_5588690728,2.086789186456224,True
ENT_INF_AOI_W257743885,AOI_W257743885,N_ENT_000174,806351.6740670947,2480615.694563121,INFERRED_NEAREST_WALK_NODE,0.5,INFERRED_BOUNDARY,,257743885,N_OSM_12299491838,13.996077701417471,True
ENT_INF_AOI_W257743886,AOI_W257743886,N_ENT_000175,806412.5272067264,2480663.3761976343,INFERRED_NEAREST_WALK_NODE,0.5,INFERRED_BOUNDARY,,257743886,N_OSM_11309445623,19.609862540063236,True
ENT_INF_AOI_W257743887,AOI_W257743887,N_ENT_000176,806347.1255656331,2480563.958965093,INFERRED_NEAREST_WALK_NODE,0.72,INFERRED_BOUNDARY,,257743887,N_OSM_5575755027,2.352777728618034,True
ENT_INF_AOI_W257743888,AOI_W257743888,N_ENT_000177,806414.8371763263,2480688.3743263283,INFERRED_NEAREST_WALK_NODE,0.35,INFERRED_BOUNDARY,,257743888,N_OSM_11309445624,33.14758427816456,True
ENT_INF_AOI_W257743890,AOI_W257743890,N_ENT_000178,806347.2310281013,2480828.689772992,INFERRED_NEAREST_WALK_NODE,0.72,INFERRED_BOUNDARY,,257743890,N_OSM_5135873296,2.923006931336934,True
ENT_INF_AOI_W257743891,AOI_W257743891,N_ENT_000179,806491.1467673106,2480980.506409881,INFERRED_NEAREST_WALK_NODE,0.62,INFERRED_BOUNDARY,,257743891,N_OSM_1716518206,3.851855107560729,True
ENT_INF_AOI_W257743892,AOI_W257743892,N_OSM_2632166885,806262.0862929365,2480423.8378023966,INFERRED_NEAREST_WALK_NODE,0.72,INFERRED_BOUNDARY,,257743892,N_OSM_2632166885,0.0,True
ENT_INF_AOI_W257743893,AOI_W257743893,N_ENT_000180,806404.86420563,2480871.8316709166,INFERRED_NEAREST_WALK_NODE,0.35,INFERRED_BOUNDARY,,257743893,N_OSM_1716517911,45.65638645459405,True
ENT_INF_AOI_W257743894,AOI_W257743894,N_ENT_000181,806297.6612524566,2480479.893435207,INFERRED_NEAREST_WALK_NODE,0.72,INFERRED_BOUNDARY,,257743894,N_OSM_5575755046,1.6955215590967896,True
ENT_INF_AOI_W257743895,AOI_W257743895,N_ENT_000182,806324.3171853306,2480449.329446783,INFERRED_NEAREST_WALK_NODE,0.72,INFERRED_BOUNDARY,,257743895,N_OSM_5575755038,0.21149901223325418,True
ENT_INF_AOI_W257743896,AOI_W257743896,N_ENT_000183,806363.1055788868,2480856.341794129,INFERRED_NEAREST_WALK_NODE,0.62,INFERRED_BOUNDARY,,257743896,N_OSM_325720176,9.159755476644051,True
ENT_INF_AOI_W257743897,AOI_W257743897,N_ENT_000184,806325.4335289273,2480569.0279284227,INFERRED_NEAREST_WALK_NODE,0.72,INFERRED_BOUNDARY,,257743897,N_OSM_5575755025,1.201464823815686,True
ENT_INF_AOI_W257743904,AOI_W257743904,N_ENT_000185,806464.5949578448,2480991.003363123,INFERRED_NEAREST_WALK_NODE,0.35,INFERRED_BOUNDARY,,257743904,N_OSM_1716518224,31.664588948498714,True
ENT_INF_AOI_W258421121,AOI_W258421121,N_ENT_000186,806708.3690938968,2480452.223847717,INFERRED_NEAREST_WALK_NODE,0.72,INFERRED_BOUNDARY,,258421121,N_OSM_2637769380,2.3821362032845252,True
ENT_INF_AOI_W258421165,AOI_W258421165,N_ENT_000187,806730.7327185767,2480290.3844004725,INFERRED_NEAREST_WALK_NODE,0.35,INFERRED_BOUNDARY,,258421165,N_OSM_2637769124,47.30475975598269,True
ENT_INF_AOI_W258421184,AOI_W258421184,N_ENT_000188,806720.0657707667,2480670.551506701,INFERRED_NEAREST_WALK_NODE,0.72,INFERRED_BOUNDARY,,258421184,N_OSM_11715953910,0.9979239089427147,True
ENT_INF_AOI_W258421187,AOI_W258421187,N_ENT_000189,806670.7677210092,2480479.0869397065,INFERRED_NEAREST_WALK_NODE,0.62,INFERRED_BOUNDARY,,258421187,N_OSM_12082853289,4.307826629576902,True
ENT_INF_AOI_W258421199,AOI_W258421199,N_ENT_000190,806635.4692688327,2480455.899092491,INFERRED_NEAREST_WALK_NODE,0.62,INFERRED_BOUNDARY,,258421199,N_OSM_12082853286,5.934633052168713,True
ENT_INF_AOI_W258421200,AOI_W258421200,N_ENT_000191,806531.7066158757,2480557.5677596726,INFERRED_NEAREST_WALK_NODE,0.72,INFERRED_BOUNDARY,,258421200,N_OSM_1272117696,2.490969994083862,True
ENT_INF_AOI_W258421201,AOI_W258421201,N_ENT_000192,806649.7629416396,2480328.1157848286,INFERRED_NEAREST_WALK_NODE,0.5,INFERRED_BOUNDARY,,258421201,N_OSM_4848078031,10.093390002815744,True
ENT_INF_AOI_W258421203,AOI_W258421203,N_ENT_000193,806638.7989437489,2480316.559268695,INFERRED_NEAREST_WALK_NODE,0.5,INFERRED_BOUNDARY,,258421203,N_OSM_1716516515,14.503472101375847,True
ENT_INF_AOI_W258421205,AOI_W258421205,N_ENT_000194,806604.6047715439,2480340.976358302,INFERRED_NEAREST_WALK_NODE,0.62,INFERRED_BOUNDARY,,258421205,N_OSM_1716516542,9.687235892243217,True
ENT_INF_AOI_W258421207,AOI_W258421207,N_ENT_000195,806607.4473389273,2480268.1315938793,INFERRED_NEAREST_WALK_NODE,0.62,INFERRED_BOUNDARY,,258421207,N_OSM_1716516490,7.304485064870512,True
ENT_INF_AOI_W258421213,AOI_W258421213,N_ENT_000196,806648.7601513208,2480574.641561508,INFERRED_NEAREST_WALK_NODE,0.5,INFERRED_BOUNDARY,,258421213,N_OSM_11715953907,11.6679604083712,True
ENT_INF_AOI_W258421216,AOI_W258421216,N_ENT_000197,806580.0570747739,2480253.3121841177,INFERRED_NEAREST_WALK_NODE,0.5,INFERRED_BOUNDARY,,258421216,N_OSM_11715953876,10.475771753468587,True
ENT_INF_AOI_W258421218,AOI_W258421218,N_ENT_000198,806646.9290234259,2480338.4898157623,INFERRED_NEAREST_WALK_NODE,0.5,INFERRED_BOUNDARY,,258421218,N_OSM_4848078031,19.27682096362389,True
ENT_OSM_N7905532122,AOI_W258421222,N_ENT_000199,806646.9217219622,2480419.426424699,OSM_ENTRANCE,1.0,yes,,7905532122,N_OSM_1716516890,16.641875262460527,True
ENT_INF_AOI_W258421223,AOI_W258421223,N_ENT_000200,806638.8072508234,2480491.833719396,INFERRED_NEAREST_WALK_NODE,0.62,INFERRED_BOUNDARY,,258421223,N_OSM_2637769472,7.439476065170964,True
ENT_INF_AOI_W258421224,AOI_W258421224,N_ENT_000201,806709.4972461207,2480534.09193697,INFERRED_NEAREST_WALK_NODE,0.62,INFERRED_BOUNDARY,,258421224,N_OSM_2637769570,8.52387262258592,True
ENT_INF_AOI_W258421226,AOI_W258421226,N_ENT_000202,806613.767038137,2480385.5386521006,INFERRED_NEAREST_WALK_NODE,0.5,INFERRED_BOUNDARY,,258421226,N_OSM_1716516701,18.69197370153992,True
ENT_INF_AOI_W258421227,AOI_W258421227,N_ENT_000203,806583.5212724323,2480307.8485263055,INFERRED_NEAREST_WALK_NODE,0.5,INFERRED_BOUNDARY,,258421227,N_OSM_11715953882,14.299826768768298,True
ENT_INF_AOI_W258421228,AOI_W258421228,N_ENT_000204,806596.1808370249,2480406.4827120984,INFERRED_NEAREST_WALK_NODE,0.62,INFERRED_BOUNDARY,,258421228,N_OSM_11715953887,4.970765289584973,True
ENT_INF_AOI_W258421230,AOI_W258421230,N_ENT_000205,806546.551889637,2480468.244526387,INFERRED_NEAREST_WALK_NODE,0.62,INFERRED_BOUNDARY,,258421230,N_OSM_1716517178,7.713129936931926,True
ENT_INF_AOI_W258421232,AOI_W258421232,N_ENT_000206,806634.4143383465,2480388.508473269,INFERRED_NEAREST_WALK_NODE,0.5,INFERRED_BOUNDARY,,258421232,N_OSM_1716516701,11.304837552358832,True
ENT_INF_AOI_W258421235,AOI_W258421235,N_ENT_000207,806743.1142550143,2480593.675897182,INFERRED_NEAREST_WALK_NODE,0.62,INFERRED_BOUNDARY,,258421235,N_OSM_2637769638,4.306146921503784,True
ENT_INF_AOI_W258421236,AOI_W258421236,N_ENT_000208,806704.6884785125,2480571.2838033135,INFERRED_NEAREST_WALK_NODE,0.5,INFERRED_BOUNDARY,,258421236,N_OSM_12082853281,10.366282662295605,True
ENT_INF_AOI_W258421237,AOI_W258421237,N_ENT_000209,806677.6629389774,2480538.625809144,INFERRED_NEAREST_WALK_NODE,0.62,INFERRED_BOUNDARY,,258421237,N_OSM_2637769685,4.934379393813433,True
ENT_INF_AOI_W258421238,AOI_W258421238,N_ENT_000210,806709.4005329942,2480471.568293165,INFERRED_NEAREST_WALK_NODE,0.62,INFERRED_BOUNDARY,,258421238,N_OSM_2637769423,6.120899544122742,True
ENT_INF_AOI_W258421240,AOI_W258421240,N_ENT_000211,806639.5261406687,2480304.3145750714,INFERRED_NEAREST_WALK_NODE,0.62,INFERRED_BOUNDARY,,258421240,N_OSM_1716516515,7.5451553171609325,True
ENT_INF_AOI_W258421273,AOI_W258421273,N_ENT_000212,806637.128113052,2480471.39873191,INFERRED_NEAREST_WALK_NODE,0.62,INFERRED_BOUNDARY,,258421273,N_OSM_1716517180,5.571124601622555,True
ENT_INF_AOI_W258421275,AOI_W258421275,N_ENT_000213,806565.2535264094,2480253.983064674,INFERRED_NEAREST_WALK_NODE,0.62,INFERRED_BOUNDARY,,258421275,N_OSM_11964710502,3.2960491405781744,True
ENT_INF_AOI_W258421345,AOI_W258421345,N_ENT_000214,806708.802735377,2480538.422680829,INFERRED_NEAREST_WALK_NODE,0.62,INFERRED_BOUNDARY,,258421345,N_OSM_2637769570,4.251263067059277,True
ENT_INF_AOI_W375791338,AOI_W375791338,N_ENT_000215,806943.2605133944,2480491.5889307167,INFERRED_NEAREST_WALK_NODE,0.62,INFERRED_BOUNDARY,,375791338,N_OSM_12059007477,3.616709519802276,True
ENT_INF_AOI_W375791969,AOI_W375791969,N_ENT_000216,806878.5153389182,2480339.857947659,INFERRED_NEAREST_WALK_NODE,0.62,INFERRED_BOUNDARY,,375791969,N_OSM_11715906200,6.443407632621223,True
ENT_INF_AOI_W375792661,AOI_W375792661,N_ENT_000217,806889.3764992243,2480382.038300867,INFERRED_NEAREST_WALK_NODE,0.35,INFERRED_BOUNDARY,,375792661,N_OSM_12059007478,44.55472534850102,True
ENT_INF_AOI_W375792953,AOI_W375792953,N_ENT_000218,806914.48332651,2480463.0744608333,INFERRED_NEAREST_WALK_NODE,0.35,INFERRED_BOUNDARY,,375792953,N_OSM_1457457764,42.3994280910997,True
ENT_INF_AOI_W375794117,AOI_W375794117,N_ENT_000219,806942.7048654144,2480491.023690917,INFERRED_NEAREST_WALK_NODE,0.62,INFERRED_BOUNDARY,,375794117,N_OSM_12059007477,4.142482535833737,True
ENT_INF_AOI_W378245991,AOI_W378245991,N_ENT_000220,806835.6212251437,2480562.8884727964,INFERRED_NEAREST_WALK_NODE,0.62,INFERRED_BOUNDARY,,378245991,N_OSM_12059007423,3.2614455029200182,True
ENT_INF_AOI_W378246121,AOI_W378246121,N_ENT_000221,806766.4300795156,2480457.7648251182,INFERRED_NEAREST_WALK_NODE,0.62,INFERRED_BOUNDARY,,378246121,N_OSM_1716517138,6.037522266828072,True
ENT_INF_AOI_W378305439,AOI_W378305439,N_ENT_000222,806721.792391403,2480828.7321912674,INFERRED_NEAREST_WALK_NODE,0.5,INFERRED_BOUNDARY,,378305439,N_OSM_11715989919,2.141326857279085,True
ENT_INF_AOI_W380090453,AOI_W380090453,N_ENT_000223,806949.0719433376,2480706.088448789,INFERRED_NEAREST_WALK_NODE,0.5,INFERRED_BOUNDARY,,380090453,N_OSM_11268925749,18.035321862107605,True
ENT_INF_AOI_W380090454,AOI_W380090454,N_ENT_000224,806913.4437684807,2480648.393045231,INFERRED_NEAREST_WALK_NODE,0.5,INFERRED_BOUNDARY,,380090454,N_OSM_12059007429,18.012747305962826,True
ENT_INF_AOI_W440357210,AOI_W440357210,N_ENT_000225,806938.1393606438,2480618.22426495,INFERRED_NEAREST_WALK_NODE,0.5,INFERRED_BOUNDARY,,440357210,N_OSM_12059007432,19.231008324527778,True
ENT_INF_AOI_W440357211,AOI_W440357211,N_ENT_000226,806990.0131823351,2480630.1276385216,INFERRED_NEAREST_WALK_NODE,0.35,INFERRED_BOUNDARY,,440357211,N_OSM_4396251951,34.040615014069196,True
ENT_INF_AOI_W440471986,AOI_W440471986,N_ENT_000227,806688.3061795684,2480287.2589290924,INFERRED_NEAREST_WALK_NODE,0.5,INFERRED_BOUNDARY,,440471986,N_OSM_2637769072,10.031084263465932,True
ENT_INF_AOI_W440471987,AOI_W440471987,N_ENT_000228,806721.4215509009,2480356.3938152175,INFERRED_NEAREST_WALK_NODE,0.5,INFERRED_BOUNDARY,,440471987,N_OSM_12059007445,15.014817786972742,True
ENT_INF_AOI_W440471989,AOI_W440471989,N_ENT_000229,806673.2230609637,2480255.76892147,INFERRED_NEAREST_WALK_NODE,0.5,INFERRED_BOUNDARY,,440471989,N_OSM_2637768892,17.013307011740803,True
ENT_INF_AOI_W440471991,AOI_W440471991,N_ENT_000230,806721.5081786967,2480323.9631742905,INFERRED_NEAREST_WALK_NODE,0.35,INFERRED_BOUNDARY,,440471991,N_OSM_2637769124,35.050715008100674,True
ENT_INF_AOI_W440471992,AOI_W440471992,N_ENT_000231,806706.0069202473,2480324.9969374994,INFERRED_NEAREST_WALK_NODE,0.5,INFERRED_BOUNDARY,,440471992,N_OSM_2637769124,21.786642807251074,True
ENT_INF_AOI_W440471994,AOI_W440471994,N_ENT_000232,806684.3939846503,2480243.8975807214,INFERRED_NEAREST_WALK_NODE,0.5,INFERRED_BOUNDARY,,440471994,N_OSM_2637768892,21.404563904082703,True
ENT_INF_AOI_W440471995,AOI_W440471995,N_ENT_000227,806688.3061795684,2480287.2589290924,INFERRED_NEAREST_WALK_NODE,0.5,INFERRED_BOUNDARY,,440471995,N_OSM_2637769072,10.031084263465932,True
ENT_INF_AOI_W440471996,AOI_W440471996,N_ENT_000233,806670.6940649727,2480250.764141151,INFERRED_NEAREST_WALK_NODE,0.5,INFERRED_BOUNDARY,,440471996,N_OSM_2637768892,11.5287174853732,True
ENT_INF_AOI_W440471998,AOI_W440471998,N_ENT_000234,806732.5328115226,2480344.9314444494,INFERRED_NEAREST_WALK_NODE,0.5,INFERRED_BOUNDARY,,440471998,N_OSM_12059007499,29.170131255742724,True
ENT_INF_AOI_W440471999,AOI_W440471999,N_ENT_000235,806699.3885232329,2480275.6962010334,INFERRED_NEAREST_WALK_NODE,0.5,INFERRED_BOUNDARY,,440471999,N_OSM_2637769072,25.58670854002289,True
ENT_INF_AOI_W440472001,AOI_W440472001,N_ENT_000236,806719.1212523896,2480319.0720415707,INFERRED_NEAREST_WALK_NODE,0.35,INFERRED_BOUNDARY,,440472001,N_OSM_2637769124,31.35305018332889,True
ENT_INF_AOI_W440472002,AOI_W440472002,N_ENT_000237,806685.7041968424,2480282.297034183,INFERRED_NEAREST_WALK_NODE,0.5,INFERRED_BOUNDARY,,440472002,N_OSM_2637769072,11.175168162152687,True
ENT_INF_AOI_W440472003,AOI_W440472003,N_ENT_000238,806693.1743913948,2480233.5527968197,INFERRED_NEAREST_WALK_NODE,0.5,INFERRED_BOUNDARY,,440472003,N_OSM_12059007482,17.81988574304297,True
ENT_INF_AOI_W440472005,AOI_W440472005,N_ENT_000239,806719.1396357939,2480351.4050065256,INFERRED_NEAREST_WALK_NODE,0.5,INFERRED_BOUNDARY,,440472005,N_OSM_12059007445,18.91764642850499,True
ENT_INF_AOI_W440472006,AOI_W440472006,N_ENT_000240,806703.7252140082,2480319.997052534,INFERRED_NEAREST_WALK_NODE,0.5,INFERRED_BOUNDARY,,440472006,N_OSM_2637769124,17.158219051739437,True
ENT_INF_AOI_W440472007,AOI_W440472007,N_ENT_000241,806748.7799024058,2480355.269207908,INFERRED_NEAREST_WALK_NODE,0.5,INFERRED_BOUNDARY,,440472007,N_OSM_12059007498,13.45629272207499,True
ENT_INF_AOI_W440472009,AOI_W440472009,N_ENT_000242,806746.200605228,2480350.5023779175,INFERRED_NEAREST_WALK_NODE,0.5,INFERRED_BOUNDARY,,440472009,N_OSM_12059007498,18.872204097417118,True
ENT_INF_AOI_W440472011,AOI_W440472011,N_ENT_000243,806668.4121136637,2480245.775344238,INFERRED_NEAREST_WALK_NODE,0.62,INFERRED_BOUNDARY,,440472011,N_OSM_2637768892,6.477320347542852,True
ENT_INF_AOI_W440472012,AOI_W440472012,N_ENT_000244,806708.536109479,2480329.9906469034,INFERRED_NEAREST_WALK_NODE,0.5,INFERRED_BOUNDARY,,440472012,N_OSM_2637769124,26.92403399321621,True
ENT_INF_AOI_W440472014,AOI_W440472014,N_ENT_000245,806697.0962827665,2480270.707193936,INFERRED_NEAREST_WALK_NODE,0.5,INFERRED_BOUNDARY,,440472014,N_OSM_2637769072,27.352483031888887,True
ENT_INF_AOI_W440472015,AOI_W440472015,N_ENT_000246,806731.0424604999,2480363.840830776,INFERRED_NEAREST_WALK_NODE,0.5,INFERRED_BOUNDARY,,440472015,N_OSM_12059007499,11.178394016690905,True
ENT_INF_AOI_W440472016,AOI_W440472016,N_ENT_000247,806716.8292462246,2480314.071949986,INFERRED_NEAREST_WALK_NODE,0.5,INFERRED_BOUNDARY,,440472016,N_OSM_2637769124,28.312177888858752,True
ENT_INF_AOI_W440472018,AOI_W440472018,N_ENT_000248,806675.6494670401,2480260.749499799,INFERRED_NEAREST_WALK_NODE,0.5,INFERRED_BOUNDARY,,440472018,N_OSM_2637768892,22.480791873823453,True
ENT_INF_AOI_W440472019,AOI_W440472019,N_ENT_000249,806713.3235609664,2480339.6069161384,INFERRED_NEAREST_WALK_NODE,0.35,INFERRED_BOUNDARY,,440472019,N_OSM_12059007445,30.190312750302635,True
ENT_INF_AOI_W440472021,AOI_W440472021,N_ENT_000250,806689.3829262105,2480253.750599343,INFERRED_NEAREST_WALK_NODE,0.5,INFERRED_BOUNDARY,,440472021,N_OSM_2637768892,28.77405449794255,True
ENT_INF_AOI_W440472022,AOI_W440472022,N_ENT_000251,806683.422256299,2480277.3082337785,INFERRED_NEAREST_WALK_NODE,0.5,INFERRED_BOUNDARY,,440472022,N_OSM_2637769072,14.673703987751702,True
ENT_INF_AOI_W440472024,AOI_W440472024,N_ENT_000252,806686.9231977041,2480248.891283791,INFERRED_NEAREST_WALK_NODE,0.5,INFERRED_BOUNDARY,,440472024,N_OSM_2637768892,24.80160777930207,True
ENT_INF_AOI_W440472025,AOI_W440472025,N_ENT_000253,806734.8147238723,2480349.9202554724,INFERRED_NEAREST_WALK_NODE,0.5,INFERRED_BOUNDARY,,440472025,N_OSM_12059007499,24.010467895395873,True
ENT_INF_AOI_W440472027,AOI_W440472027,N_ENT_000254,806724.0235068451,2480361.355719322,INFERRED_NEAREST_WALK_NODE,0.5,INFERRED_BOUNDARY,,440472027,N_OSM_12059007445,12.63263807852515,True
ENT_INF_AOI_W440472028,AOI_W440472028,N_ENT_000255,806701.9802005967,2480280.657894274,INFERRED_NEAREST_WALK_NODE,0.5,INFERRED_BOUNDARY,,440472028,N_OSM_2637769072,25.212277855197293,True
ENT_INF_AOI_W440472030,AOI_W440472030,N_ENT_000256,806701.6305493846,2480279.9696789663,INFERRED_NEAREST_WALK_NODE,0.5,INFERRED_BOUNDARY,,440472030,N_OSM_2637769072,25.199120434490325,True
ENT_INF_AOI_W440472031,AOI_W440472031,N_ENT_000257,806726.1945503824,2480333.9986430514,INFERRED_NEAREST_WALK_NODE,0.35,INFERRED_BOUNDARY,,440472031,N_OSM_12059007445,37.60331700058078,True
ENT_INF_AOI_W440476101,AOI_W440476101,N_ENT_000258,806747.3168807514,2480258.978524568,INFERRED_NEAREST_WALK_NODE,0.35,INFERRED_BOUNDARY,,440476101,N_OSM_12059007483,55.92963596639293,True
ENT_INF_AOI_W440476102,AOI_W440476102,N_ENT_000259,806750.7857697059,2480304.414950918,INFERRED_NEAREST_WALK_NODE,0.35,INFERRED_BOUNDARY,,440476102,N_OSM_4463416848,48.37619864290518,True
ENT_INF_AOI_W440476104,AOI_W440476104,N_ENT_000260,806780.9830736716,2480283.710091347,INFERRED_NEAREST_WALK_NODE,0.35,INFERRED_BOUNDARY,,440476104,N_OSM_4463416846,40.58056433009084,True
ENT_INF_AOI_W440476105,AOI_W440476105,N_ENT_000261,806764.0395701239,2480298.215749613,INFERRED_NEAREST_WALK_NODE,0.35,INFERRED_BOUNDARY,,440476105,N_OSM_4463416846,45.373000175727604,True
ENT_INF_AOI_W440476106,AOI_W440476106,N_ENT_000262,806734.8904087219,2480232.2962566623,INFERRED_NEAREST_WALK_NODE,0.5,INFERRED_BOUNDARY,,440476106,N_OSM_12059007483,26.56235050058927,True
ENT_INF_AOI_W440476107,AOI_W440476107,N_ENT_000263,806807.6687347565,2480259.222408242,INFERRED_NEAREST_WALK_NODE,0.5,INFERRED_BOUNDARY,,440476107,N_OSM_12059007489,22.03191965418575,True
ENT_INF_AOI_W440476108,AOI_W440476108,N_ENT_000264,806799.305616806,2480302.126853701,INFERRED_NEAREST_WALK_NODE,0.5,INFERRED_BOUNDARY,,440476108,N_OSM_4463416846,15.129701769481006,True
ENT_INF_AOI_W440476109,AOI_W440476109,N_ENT_000265,806824.6704605299,2480259.969808508,INFERRED_NEAREST_WALK_NODE,0.62,INFERRED_BOUNDARY,,440476109,N_OSM_12059007489,5.5484489248262,True
ENT_INF_AOI_W440476111,AOI_W440476111,N_ENT_000266,806768.2742147346,2480340.896329074,INFERRED_NEAREST_WALK_NODE,0.5,INFERRED_BOUNDARY,,440476111,N_OSM_4463416848,11.039358734239741,True
ENT_INF_AOI_W440476113,AOI_W440476113,N_ENT_000267,806728.9169442194,2480255.975555988,INFERRED_NEAREST_WALK_NODE,0.35,INFERRED_BOUNDARY,,440476113,N_OSM_12059007523,48.10566052364478,True
ENT_INF_AOI_W440476114,AOI_W440476114,N_ENT_000268,806783.2752862602,2480288.6991143157,INFERRED_NEAREST_WALK_NODE,0.35,INFERRED_BOUNDARY,,440476114,N_OSM_4463416846,35.257055126319585,True
ENT_INF_AOI_W440476116,AOI_W440476116,N_ENT_000269,806776.102751702,2480238.766608873,INFERRED_NEAREST_WALK_NODE,0.35,INFERRED_BOUNDARY,,440476116,N_OSM_12059007488,39.067069962906196,True
ENT_INF_AOI_W440476117,AOI_W440476117,N_ENT_000270,806726.6247087427,2480250.986543857,INFERRED_NEAREST_WALK_NODE,0.35,INFERRED_BOUNDARY,,440476117,N_OSM_12059007523,42.8363995460868,True
ENT_INF_AOI_W440476119,AOI_W440476119,N_ENT_000271,806763.5418205189,2480244.846539502,INFERRED_NEAREST_WALK_NODE,0.35,INFERRED_BOUNDARY,,440476119,N_OSM_12059007524,45.00061867725421,True
ENT_INF_AOI_W440476120,AOI_W440476120,N_ENT_000272,806771.1087302008,2480327.555978128,INFERRED_NEAREST_WALK_NODE,0.5,INFERRED_BOUNDARY,,440476120,N_OSM_4463416848,17.992929858490452,True
ENT_INF_AOI_W440476121,AOI_W440476121,N_ENT_000273,806795.9286916293,2480315.8847314045,INFERRED_NEAREST_WALK_NODE,0.62,INFERRED_BOUNDARY,,440476121,N_OSM_4463416846,9.959938265769544,True
ENT_INF_AOI_W440476125,AOI_W440476125,N_ENT_000274,806821.2247059185,2480252.3420213396,INFERRED_NEAREST_WALK_NODE,0.5,INFERRED_BOUNDARY,,440476125,N_OSM_12059007509,12.426177701825734,True
ENT_INF_AOI_W440476126,AOI_W440476126,N_ENT_000275,806718.8227945829,2480234.338533151,INFERRED_NEAREST_WALK_NODE,0.5,INFERRED_BOUNDARY,,440476126,N_OSM_12059007523,25.939268035265282,True
ENT_INF_AOI_W440476127,AOI_W440476127,N_ENT_000276,806755.5273811909,2480314.2630943265,INFERRED_NEAREST_WALK_NODE,0.35,INFERRED_BOUNDARY,,440476127,N_OSM_4463416848,37.65467327566551,True
ENT_INF_AOI_W440476129,AOI_W440476129,N_ENT_000277,806765.8145273703,2480336.036996019,INFERRED_NEAREST_WALK_NODE,0.5,INFERRED_BOUNDARY,,440476129,N_OSM_4463416848,15.224448537390229,True
ENT_INF_AOI_W440476130,AOI_W440476130,N_ENT_000278,806762.6315277602,2480311.13785908,INFERRED_NEAREST_WALK_NODE,0.35,INFERRED_BOUNDARY,,440476130,N_OSM_4463416848,36.467208841365355,True
ENT_INF_AOI_W440476131,AOI_W440476131,N_ENT_000279,806791.0093208984,2480306.166056271,INFERRED_NEAREST_WALK_NODE,0.5,INFERRED_BOUNDARY,,440476131,N_OSM_4463416846,17.697858536121785,True
ENT_INF_AOI_W440476132,AOI_W440476132,N_ENT_000280,806722.7742396699,2480271.039079324,INFERRED_NEAREST_WALK_NODE,0.35,INFERRED_BOUNDARY,,440476132,N_OSM_2637769072,48.1231531553568,True
ENT_INF_AOI_W440476133,AOI_W440476133,N_ENT_000281,806812.4103308364,2480269.0705711935,INFERRED_NEAREST_WALK_NODE,0.5,INFERRED_BOUNDARY,,440476133,N_OSM_12059007489,18.078139403620675,True
ENT_INF_AOI_W440476135,AOI_W440476135,N_ENT_000282,806796.9195213916,2480297.188374141,INFERRED_NEAREST_WALK_NODE,0.5,INFERRED_BOUNDARY,,440476135,N_OSM_4463416846,20.614410667024924,True
ENT_INF_AOI_W440476136,AOI_W440476136,N_ENT_000283,806773.8208298113,2480233.7777927304,INFERRED_NEAREST_WALK_NODE,0.35,INFERRED_BOUNDARY,,440476136,N_OSM_12059007524,36.639141219835096,True
ENT_INF_AOI_W440476138,AOI_W440476138,N_ENT_000284,806761.2601158052,2480239.8466457054,INFERRED_NEAREST_WALK_NODE,0.35,INFERRED_BOUNDARY,,440476138,N_OSM_12059007524,39.8612444553424,True
ENT_INF_AOI_W440476139,AOI_W440476139,N_ENT_000285,806797.5020771753,2480238.647963899,INFERRED_NEAREST_WALK_NODE,0.5,INFERRED_BOUNDARY,,440476139,N_OSM_1716516431,21.51920995388324,True
ENT_INF_AOI_W440476140,AOI_W440476140,N_ENT_000286,806757.9973788024,2480319.1226292057,INFERRED_NEAREST_WALK_NODE,0.35,INFERRED_BOUNDARY,,440476140,N_OSM_4463416848,32.33104692336752,True
ENT_INF_AOI_W440476141,AOI_W440476141,N_ENT_000287,806765.4038322208,2480315.748674125,INFERRED_NEAREST_WALK_NODE,0.35,INFERRED_BOUNDARY,,440476141,N_OSM_4463416848,31.1062165856105,True
ENT_INF_AOI_W440476143,AOI_W440476143,N_ENT_000288,806793.4690071279,2480311.0253935396,INFERRED_NEAREST_WALK_NODE,0.5,INFERRED_BOUNDARY,,440476143,N_OSM_4463416846,13.28698804038713,True
ENT_INF_AOI_W440476144,AOI_W440476144,N_ENT_000289,806814.8700185398,2480273.92991176,INFERRED_NEAREST_WALK_NODE,0.5,INFERRED_BOUNDARY,,440476144,N_OSM_12059007490,16.582704485670096,True
ENT_INF_AOI_W440476145,AOI_W440476145,N_ENT_000290,806742.5910129555,2480249.374551989,INFERRED_NEAREST_WALK_NODE,0.35,INFERRED_BOUNDARY,,440476145,N_OSM_12059007483,45.256307205116705,True
ENT_INF_AOI_W440476146,AOI_W440476146,N_ENT_000291,806790.9558886981,2480284.845506878,INFERRED_NEAREST_WALK_NODE,0.35,INFERRED_BOUNDARY,,440476146,N_OSM_4463416846,34.32248446235835,True
ENT_INF_AOI_W440476148,AOI_W440476148,N_ENT_000292,806813.7389210709,2480236.908398656,INFERRED_NEAREST_WALK_NODE,0.62,INFERRED_BOUNDARY,,440476148,N_OSM_1716516431,9.269039161957279,True
ENT_INF_AOI_W440476149,AOI_W440476149,N_ENT_000293,806753.0676845678,2480309.4037643997,INFERRED_NEAREST_WALK_NODE,0.35,INFERRED_BOUNDARY,,440476149,N_OSM_4463416848,43.00391891849847,True
ENT_INF_AOI_W440476151,AOI_W440476151,N_ENT_000294,806763.5326216263,2480331.048179575,INFERRED_NEAREST_WALK_NODE,0.5,INFERRED_BOUNDARY,,440476151,N_OSM_4463416848,19.969784937713687,True
ENT_INF_AOI_W440476152,AOI_W440476152,N_ENT_000295,806766.3317849414,2480303.2047697655,INFERRED_NEAREST_WALK_NODE,0.35,INFERRED_BOUNDARY,,440476152,N_OSM_4463416846,41.497574319339016,True
ENT_INF_AOI_W440476153,AOI_W440476153,N_ENT_000296,806788.7274168425,2480301.177235843,INFERRED_NEAREST_WALK_NODE,0.5,INFERRED_BOUNDARY,,440476153,N_OSM_4463416846,22.512987478929173,True
ENT_INF_AOI_W440476154,AOI_W440476154,N_ENT_000297,806721.1404754156,2480239.084195683,INFERRED_NEAREST_WALK_NODE,0.35,INFERRED_BOUNDARY,,440476154,N_OSM_12059007523,30.58132567821764,True
ENT_INF_AOI_W440476155,AOI_W440476155,N_ENT_000298,806809.9506414033,2480264.211231224,INFERRED_NEAREST_WALK_NODE,0.5,INFERRED_BOUNDARY,,440476155,N_OSM_12059007489,19.490057753877366,True
ENT_INF_AOI_W440476156,AOI_W440476156,N_ENT_000299,806740.3090830578,2480244.385741806,INFERRED_NEAREST_WALK_NODE,0.35,INFERRED_BOUNDARY,,440476156,N_OSM_12059007483,39.78000585615477,True
ENT_INF_AOI_W440476157,AOI_W440476157,N_ENT_000300,806826.7884320176,2480264.1564379847,INFERRED_NEAREST_WALK_NODE,0.72,INFERRED_BOUNDARY,,440476157,N_OSM_12059007489,2.902894145563942,True
ENT_INF_AOI_W440476158,AOI_W440476158,N_ENT_000301,806770.7339003705,2480345.7556627262,INFERRED_NEAREST_WALK_NODE,0.62,INFERRED_BOUNDARY,,440476158,N_OSM_4463416848,8.442596717778892,True
ENT_INF_AOI_W440476159,AOI_W440476159,N_ENT_000302,806721.9865479682,2480269.4632756794,INFERRED_NEAREST_WALK_NODE,0.35,INFERRED_BOUNDARY,,440476159,N_OSM_2637769072,48.106172005949915,True
ENT_INF_AOI_W440476160,AOI_W440476160,N_ENT_000303,806799.7839909598,2480243.636784533,INFERRED_NEAREST_WALK_NODE,0.5,INFERRED_BOUNDARY,,440476160,N_OSM_1716516431,22.682073836397308,True
ENT_INF_AOI_W440476164,AOI_W440476164,N_ENT_000304,806745.1199876433,2480254.3793467307,INFERRED_NEAREST_WALK_NODE,0.35,INFERRED_BOUNDARY,,440476164,N_OSM_12059007483,50.84153598319794,True
ENT_INF_AOI_W440476165,AOI_W440476165,N_ENT_000305,806793.5466220317,2480277.49721938,INFERRED_NEAREST_WALK_NODE,0.35,INFERRED_BOUNDARY,,440476165,N_OSM_12059007491,37.53490911342045,True
ENT_INF_AOI_W440476167,AOI_W440476167,N_ENT_000306,806773.4991333582,2480332.5033464753,INFERRED_NEAREST_WALK_NODE,0.5,INFERRED_BOUNDARY,,440476167,N_OSM_4463416848,12.49834335749773,True
ENT_INF_AOI_W452987473,AOI_W452987473,N_ENT_000307,806841.8645434899,2480513.3523349497,INFERRED_NEAREST_WALK_NODE,0.5,INFERRED_BOUNDARY,,452987473,N_OSM_6705213946,19.997039399941674,True
ENT_INF_AOI_W452987474,AOI_W452987474,N_ENT_000308,806797.9829423865,2480420.671214325,INFERRED_NEAREST_WALK_NODE,0.5,INFERRED_BOUNDARY,,452987474,N_OSM_12059007414,17.679984635925024,True
ENT_INF_AOI_W452987475,AOI_W452987475,N_ENT_000309,806810.9949954452,2480444.3170355572,INFERRED_NEAREST_WALK_NODE,0.62,INFERRED_BOUNDARY,,452987475,N_OSM_12059007417,8.635158014048303,True
ENT_INF_AOI_W452987476,AOI_W452987476,N_ENT_000310,806819.9493538216,2480463.1272420133,INFERRED_NEAREST_WALK_NODE,0.5,INFERRED_BOUNDARY,,452987476,N_OSM_12059007417,19.77920190717956,True
ENT_INF_AOI_W452987477,AOI_W452987477,N_ENT_000311,806840.3399091758,2480542.4261177,INFERRED_NEAREST_WALK_NODE,0.72,INFERRED_BOUNDARY,,452987477,N_OSM_12059007418,2.909526176755144,True
ENT_INF_AOI_W466118247,AOI_W466118247,N_ENT_000312,805951.268006044,2480891.199112096,INFERRED_NEAREST_WALK_NODE,0.72,INFERRED_BOUNDARY,,466118247,N_OSM_6414031513,1.5835510641468569,True
ENT_INF_AOI_W516422633,AOI_W516422633,N_ENT_000313,806371.0233262999,2480902.5937126772,INFERRED_NEAREST_WALK_NODE,0.62,INFERRED_BOUNDARY,,516422633,N_OSM_325720178,5.588931299370874,True
ENT_INF_AOI_W560257774,AOI_W560257774,N_ENT_000222,806721.792391403,2480828.7321912674,INFERRED_NEAREST_WALK_NODE,0.5,INFERRED_BOUNDARY,,560257774,N_OSM_11715989919,2.141326857279085,True
ENT_INF_AOI_W580522042,AOI_W580522042,N_ENT_000314,806628.434463235,2480527.3967228075,INFERRED_NEAREST_WALK_NODE,0.62,INFERRED_BOUNDARY,,580522042,N_OSM_12082853275,3.1509356304308813,True
ENT_INF_AOI_W580522044,AOI_W580522044,N_ENT_000315,806641.7796283828,2480475.4383694776,INFERRED_NEAREST_WALK_NODE,0.72,INFERRED_BOUNDARY,,580522044,N_OSM_12082853288,1.6073335419500954,True
ENT_INF_AOI_W580522047,AOI_W580522047,N_ENT_000316,806638.9559154175,2480459.0382390306,INFERRED_NEAREST_WALK_NODE,0.72,INFERRED_BOUNDARY,,580522047,N_OSM_12082853286,1.7493008912821095,True
ENT_INF_AOI_W583070087,AOI_W583070087,N_ENT_000317,806280.9367008124,2480519.6124509224,INFERRED_NEAREST_WALK_NODE,0.62,INFERRED_BOUNDARY,,583070087,N_OSM_4778943898,3.992346034412666,True
ENT_INF_AOI_W596072370,AOI_W596072370,N_ENT_000318,805963.6066577828,2480878.020631519,INFERRED_NEAREST_WALK_NODE,0.5,INFERRED_BOUNDARY,,596072370,N_OSM_4778943842,16.758390767841227,True
ENT_INF_AOI_W598306458,AOI_W598306458,N_ENT_000319,806156.3230873251,2480901.206928386,INFERRED_NEAREST_WALK_NODE,0.62,INFERRED_BOUNDARY,,598306458,N_OSM_2632167665,6.144135940262983,True
ENT_INF_AOI_W598306459,AOI_W598306459,N_ENT_000320,806224.8756614205,2480900.2182753035,INFERRED_NEAREST_WALK_NODE,0.62,INFERRED_BOUNDARY,,598306459,N_OSM_2632167666,4.248099821794749,True
ENT_INF_AOI_W598306460,AOI_W598306460,N_ENT_000321,806219.3689471501,2480891.530075427,INFERRED_NEAREST_WALK_NODE,0.62,INFERRED_BOUNDARY,,598306460,N_OSM_2632167666,9.025944037622265,True
ENT_INF_AOI_W598306461,AOI_W598306461,N_ENT_000322,806163.5038903957,2480872.511765146,INFERRED_NEAREST_WALK_NODE,0.62,INFERRED_BOUNDARY,,598306461,N_OSM_2632167647,3.9251768764394233,True
ENT_INF_AOI_W598306462,AOI_W598306462,N_ENT_000323,806182.9024370036,2480874.492016365,INFERRED_NEAREST_WALK_NODE,0.72,INFERRED_BOUNDARY,,598306462,N_OSM_2632167648,2.190906224358119,True
ENT_INF_AOI_W598306463,AOI_W598306463,N_ENT_000324,806151.7511227757,2480874.2520250566,INFERRED_NEAREST_WALK_NODE,0.62,INFERRED_BOUNDARY,,598306463,N_OSM_2632167649,4.052167375303837,True
ENT_INF_AOI_W598306465,AOI_W598306465,N_ENT_000325,806135.393447958,2480878.90408058,INFERRED_NEAREST_WALK_NODE,0.62,INFERRED_BOUNDARY,,598306465,N_OSM_2632167652,4.076663225816503,True
ENT_INF_AOI_W598306466,AOI_W598306466,N_ENT_000326,806107.831843627,2480898.399364161,INFERRED_NEAREST_WALK_NODE,0.62,INFERRED_BOUNDARY,,598306466,N_OSM_2632167670,3.958285261826613,True
ENT_INF_AOI_W598306467,AOI_W598306467,N_ENT_000327,806122.7048098147,2480885.8583881194,INFERRED_NEAREST_WALK_NODE,0.62,INFERRED_BOUNDARY,,598306467,N_OSM_2632167657,4.783236380373409,True
ENT_INF_AOI_W694950098,AOI_W694950098,N_ENT_000328,806308.4715383103,2480501.8733516014,INFERRED_NEAREST_WALK_NODE,0.72,INFERRED_BOUNDARY,,694950098,N_OSM_9336006910,1.5589153106597533,True
ENT_INF_AOI_W694950677,AOI_W694950677,N_ENT_000329,806318.1312242551,2480488.0700634224,INFERRED_NEAREST_WALK_NODE,0.72,INFERRED_BOUNDARY,,694950677,N_OSM_9685977864,0.49285036232185936,True
ENT_INF_AOI_W725139623,AOI_W725139623,N_OSM_11309445604,806358.129168912,2480324.1870414265,INFERRED_NEAREST_WALK_NODE,0.72,INFERRED_BOUNDARY,,725139623,N_OSM_11309445604,0.0,True
ENT_INF_AOI_W778875912,AOI_W778875912,N_OSM_11966047156,805784.3954602155,2480692.230360312,INFERRED_NEAREST_WALK_NODE,0.72,INFERRED_BOUNDARY,,778875912,N_OSM_11966047156,0.0,True
ENT_INF_AOI_W877538244,AOI_W877538244,N_ENT_000330,806789.5151675619,2480656.4186452404,INFERRED_NEAREST_WALK_NODE,0.72,INFERRED_BOUNDARY,,877538244,N_OSM_9395322938,2.072817104431423,True
ENT_INF_AOI_W877538245,AOI_W877538245,N_ENT_000331,806598.0999674147,2480475.096134604,INFERRED_NEAREST_WALK_NODE,0.72,INFERRED_BOUNDARY,,877538245,N_OSM_1716517236,0.5448019435557234,True
